user_id,install_date,country,test_group,trial,paid,subscription_name,revenue_1m
0000dd3fa4702a63d1b76aaffe1ab39b,2023-06-05,US,treatment,0,0,,0
0001f27ab7e22228e54c8b2028b43f24,2023-06-07,AU,treatment,0,0,,0
0006c5c547801308b36ea3cf669856ae,2023-06-07,AU,treatment,0,0,,0
000d1a300263c5db91cbefa3852898a7,2023-06-07,AU,control,0,0,,0
000e5e62e8746e467ed9f49ac5de3208,2023-06-06,US,treatment,0,0,,0
000e65027879059fe2a814be4ff21316,2023-06-04,CA,treatment,0,0,,0
000eb23cf1caf152d9b8d4ec2441e085,2023-06-02,AU,control,0,0,,0
0013a6c091188301710271b8195a999a,2023-06-03,GB,treatment,0,0,,0
001f99c190cb677eadbbe144a5c7eb02,2023-06-01,CA,treatment,0,0,,0
002066ee39aacf3dbe4294be1a08bd77,2023-06-06,GB,control,0,0,,0
00207236f2f7ce9b8b9a773cd7306ae4,2023-06-02,GB,treatment,0,0,,0
002dd15442353af0e997b28bb773805f,2023-06-05,CA,treatment,0,0,,0
002e0f373742b66e434b838ab424bbf7,2023-06-03,US,treatment,0,0,,0
003014b3431e6266035178e5f9d7da91,2023-06-01,AU,treatment,0,0,,0
00325ed2425735d08aa2ab3a7347166f,2023-06-06,CA,control,0,0,,0
0032f6e3d890cc6956761fbb511c57ec,2023-06-06,US,control,0,0,,0
0033e92c843e1dbf5ac26218e5c4a93b,2023-06-01,US,treatment,0,0,,0
003450b3db21351083edcbe510b57746,2023-06-07,GB,control,1,0,monthly.5.99.3d.trial,0
003983cc8b24cc7311097e8afcf47c87,2023-06-04,CA,treatment,0,0,,0
003992c9dc57afacc06ca6028fe3ba90,2023-06-03,GB,control,0,0,,0
0039d94befdaa58aea48672cfdcaa635,2023-06-07,AU,control,0,0,,0
003c36dd594a270803eda3960dcfb586,2023-06-07,GB,treatment,0,0,,0
003e00aa5f23286c121507fc2154db70,2023-06-05,GB,treatment,0,0,,0
0042fe43670d182171db4882ee9f8c67,2023-06-04,CA,treatment,0,0,,0
004519c3cc799bffa40a0ebcb084a409,2023-06-07,GB,control,0,0,,0
004e6bfd4cac79295d4e29501cba2749,2023-06-05,US,control,0,0,,0
005926a8bd3b660aee8106954aed025a,2023-06-07,CA,control,0,0,,0
0067ce8a0f85eb65967c25e7e7df9dfe,2023-06-02,GB,control,0,0,,0
006ee211fffc3c794b7746307c594da1,2023-06-03,US,treatment,0,0,,0
007511d0183f393069c205d10791e370,2023-06-07,GB,control,0,0,,0
007592ad66badeaee07675678a1ce70e,2023-06-05,CA,control,0,0,,0
0079e27ff5dbe22efce931b7eab2904a,2023-06-07,AU,treatment,0,0,,0
007ef8fc1bc0798d1321b066e8260a41,2023-06-04,US,treatment,0,0,,0
0087ebdfb2ef53187be8d49e09a461c9,2023-06-03,US,control,0,0,,0
008c662ddb4842458bae3cbc62c65a50,2023-06-03,US,control,1,0,monthly.5.99.3d.trial,0
0099123e107df33ab92d318c34580298,2023-06-07,AU,control,0,0,,0
009b216d466c4ac9b29dc2daa4e1d52f,2023-06-06,CA,treatment,0,0,,0
009d85125dde44540bd7c51182038bea,2023-06-05,AU,treatment,0,0,,0
00a526e2da990a0f900c1d0d9ea6d374,2023-06-07,GB,treatment,0,0,,0
00a79c2f42f171bfec415e149d550822,2023-06-07,US,control,1,0,monthly.5.99.3d.trial,0
00b516dac62a4f02f6496e34e01197cf,2023-06-04,CA,treatment,0,0,,0
00b663a0cd6795a948f7c7c97b9012a7,2023-06-01,US,control,1,0,monthly.5.99.3d.trial,0
00b83d35a00badcb91e463d695b83d00,2023-06-02,US,treatment,0,0,,0
00b8ccd3c168084b74c2f642b00cbb80,2023-06-04,CA,control,0,0,,0
00ba581419f447be8e5ecd8d5ec665ef,2023-06-06,GB,control,0,0,,0
00c130ab8597eae8f9abb71fdb0e3b87,2023-06-01,GB,treatment,0,0,,0
00c39e3a0ae64c38f8374e5df9e099b8,2023-06-06,US,control,0,0,,0
00c5107f0d8523afc81bcb73c2e6eda5,2023-06-07,AU,control,0,0,,0
00c6f09bdcb14f8eb1cd96f36eab0f83,2023-06-04,AU,treatment,0,0,,0
00ce128c88e70b6db1c7ac44ea4086f5,2023-06-06,AU,control,0,0,,0
00cede1ed7afbd3e84b76e86c4f72b2a,2023-06-03,AU,control,0,0,,0
00d368e7a6fa1d542a75f206a7942baa,2023-06-05,CA,treatment,0,0,,0
00d643a2899c4d6a7a53ca2dd8053726,2023-06-06,GB,control,0,0,,0
00e62ba3f3093c2a6612ba0b95ac0fb2,2023-06-06,AU,treatment,0,0,,0
00e85abb269e2b86924a0ccb4074149e,2023-06-07,GB,treatment,0,0,,0
00eb08eaf59261a197a29309af17148b,2023-06-06,AU,treatment,0,0,,0
00ee9f080e8910712fe3577a8c06eb6f,2023-06-05,US,treatment,0,0,,0
00f17a5f8c2da3e245ea34d6977098eb,2023-06-07,US,control,1,0,monthly.5.99.3d.trial,0
00f38310d202e2c51278d77aa6e45103,2023-06-07,CA,treatment,0,0,,0
00f45efe359442047cca298b6cb93092,2023-06-01,GB,control,0,0,,0
00f5ac2a16f2fa2e79fe872a51833224,2023-06-05,CA,control,0,0,,0
00f6f0584f7cc6726cfde61d6c10033b,2023-06-03,AU,control,0,0,,0
00f82aea816a1dad7dfcdab9da7bfc6a,2023-06-05,AU,treatment,0,0,,0
00fc63313c52f94dd7c1987cedfae640,2023-06-06,AU,treatment,1,0,weekly.2.99.3d.trial,0
00fd2cad0c338b1fa7642b2e2d4133e0,2023-06-07,GB,control,0,0,,0
00ffb5d76f2ed8e5391ddd50b8a21820,2023-06-06,GB,control,1,0,monthly.5.99.3d.trial,0
01014bdbda6358c1bb99bcdd84948037,2023-06-06,GB,treatment,0,0,,0
0102ebdebcfb77f131d262c24a0766d1,2023-06-04,GB,treatment,0,0,,0
010353dbd1b0ee8f9434b1146db206d9,2023-06-03,US,control,0,0,,0
010362df8ae2aee7b0e4ab3b5d171a80,2023-06-04,CA,treatment,0,0,,0
0103fa2637422d3a3f3ed86d96fe4dc5,2023-06-03,CA,treatment,0,0,,0
0110960e8ce25b5eca98c1d4b5c341b1,2023-06-03,AU,treatment,0,0,,0
0124737f910bf974ca5e0ec906200f4d,2023-06-01,AU,treatment,0,0,,0
01254b5a29da0771134c3e2f656849d4,2023-06-04,CA,control,1,0,monthly.5.99.3d.trial,0
0125db21de836359b7c3f462703676f2,2023-06-05,CA,treatment,0,0,,0
013448d7d436e952f2ca3a7ce8c6864b,2023-06-05,AU,control,0,0,,0
01504a8f69e45a1f66f91429a228e281,2023-06-07,GB,treatment,0,0,,0
0151be3b54562bbe9c75c9a834b26d58,2023-06-06,GB,treatment,0,0,,0
0153827615d8728a8af08ce9f5fc24fa,2023-06-05,AU,treatment,0,0,,0
0154a061e49e9a7ba3755557944c10e5,2023-06-02,GB,control,0,0,,0
015fbb10017956f7530beddbb73d3f6b,2023-06-05,CA,treatment,0,0,,0
01638be59ede85425d5f1b13c2e25962,2023-06-04,AU,treatment,0,0,,0
0163fe24a3aa8a944bc6a9110fa44503,2023-06-05,CA,control,0,0,,0
016c2f85a8bafed789ceef9df966e79d,2023-06-02,GB,treatment,0,0,,0
016fbad78dc124dabf959da426fb856d,2023-06-06,GB,control,0,0,,0
0171883c0e004acb7104afa91284bf93,2023-06-01,US,control,0,0,,0
0175e2ad1acbbaec77df9bf79525afdc,2023-06-02,CA,control,0,0,,0
01789673eb76823a948ae1926dc7422c,2023-06-07,CA,treatment,0,0,,0
01791ea5300e6a013a17ff30cc6232a4,2023-06-04,US,treatment,0,0,,0
017a989b6d6065993c9e78f1152a4b89,2023-06-02,CA,control,0,0,,0
0183821e33b950968860602585d00255,2023-06-02,US,control,0,0,,0
01842b4b4f5db956c97b937558e9896c,2023-06-02,US,control,1,0,monthly.5.99.3d.trial,0
0188ebf1602921ea5385b40a2147398d,2023-06-03,GB,treatment,0,0,,0
019b26835ff71d490518e7350bd96f61,2023-06-02,GB,control,0,0,,0
01a064916bcfd9e9e234b0b411fd54a9,2023-06-07,AU,control,0,0,,0
01a3f9072941f4d3b8d6369fa215b6b4,2023-06-02,US,treatment,0,0,,0
01aed01a729634fffb487b0b46fd02e3,2023-06-03,GB,treatment,1,0,weekly.2.99.3d.trial,0
01b0cc60e810d40cbaca94eb6ff3092c,2023-06-02,CA,treatment,0,0,,0
01b5ada235efccab328f63fea374c8ae,2023-06-02,AU,treatment,0,0,,0
01b6129f5ee647991b213919385757e3,2023-06-05,CA,control,0,0,,0
01b84d49f41e37d1a5749635af3806d5,2023-06-04,AU,control,0,0,,0
01c6470e2eaf18495a65dd5888c828ba,2023-06-06,US,treatment,0,0,,0
01d5ace264d8ed28f33d0ebcecb8ab61,2023-06-05,AU,control,0,0,,0
01d876bf0f1aadb438f443279b63ec6e,2023-06-01,US,treatment,0,0,,0
01d9c330e74c1b493939f0b7fddc1b07,2023-06-04,GB,control,0,0,,0
01da0f88a9c5fee967a2d1b835db9b6c,2023-06-06,GB,treatment,0,0,,0
01df60556a7d9152189e1020f09fe0a6,2023-06-07,US,treatment,0,0,,0
01e0574d324f9dbdf84e5d51e4c10a26,2023-06-02,US,control,0,0,,0
01e7d1e48011e8ee9d913444a611b123,2023-06-07,US,control,0,0,,0
01ef9e78682ff8e3220ce8acf935c74c,2023-06-01,GB,treatment,0,0,,0
01f05e680cc5ee8e2b89a61b2be26f35,2023-06-05,US,treatment,0,0,,0
01f5b656b60e629bbcb8f816e5a33071,2023-06-03,CA,control,0,0,,0
01fc8c85726906af6357e740fffa877b,2023-06-02,US,control,0,0,,0
01ff5c6017405bd5327c3d2c5dbddd4a,2023-06-04,GB,control,0,0,,0
0200850c26606948288bd1bc976b4b85,2023-06-05,US,control,0,0,,0
0201f394c30451f4625d3627b077512b,2023-06-02,CA,control,0,0,,0
0209f2de181ad0708dbecaabbd8d11bc,2023-06-03,AU,treatment,0,0,,0
020c458e297a06734859f5795fcc6192,2023-06-05,AU,control,0,0,,0
0215524864d93eb8119fd823eb4ad72b,2023-06-07,GB,control,0,0,,0
0215eba5cf412a4235fc40de1fccf866,2023-06-06,CA,control,0,0,,0
021a9093e1959f68a816685a48cc06ad,2023-06-04,AU,treatment,0,0,,0
021cbdc37d3b534117892310e23380d0,2023-06-04,US,control,1,0,monthly.5.99.3d.trial,0
021d1ce7b3d913a742a998bf9195b4fa,2023-06-07,US,control,1,0,monthly.5.99.3d.trial,0
02298110abe2817a0d3c801b12448379,2023-06-07,GB,treatment,0,0,,0
022abb7f3208ebc9e4565552554edf41,2023-06-02,US,control,0,0,,0
023bef833fda39cf0423a3c160facbe7,2023-06-02,CA,control,0,0,,0
02466d3d474bed5cc90a3da277f86124,2023-06-04,GB,control,0,0,,0
025438610076f06fa8afb2f592dfc191,2023-06-06,CA,treatment,0,0,,0
025cba1d66d48ab71362ae8c28485741,2023-06-05,CA,treatment,0,0,,0
02603464cadb08a23a65e382fc0da876,2023-06-02,US,control,0,0,,0
0261690b7319f97e4418c1a7e9b35c50,2023-06-01,GB,control,0,0,,0
0268dc76ea79164542cf9f8a1f39a5a1,2023-06-01,CA,control,0,0,,0
026c2215e5032df64efffb373385ab01,2023-06-07,GB,control,1,0,monthly.5.99.3d.trial,0
026d6154133f30d84546ca5c7d50ac2e,2023-06-04,US,treatment,0,0,,0
026dbc42a9af3f6abcf2db8159d8b45b,2023-06-05,CA,control,0,0,,0
026fde4e4c434de54611eac73e09e5db,2023-06-04,US,control,0,0,,0
0274d6ca4671b6fe304eb5d50f860520,2023-06-04,GB,treatment,0,0,,0
028058c5319d11e815849435a02b2294,2023-06-07,GB,treatment,0,0,,0
0285735fb3a98b75bed4257ff740d2f7,2023-06-02,AU,control,1,0,monthly.5.99.3d.trial,0
02889bad8c968e520207870dab1cbfc3,2023-06-03,CA,control,0,0,,0
02ae5d0e2eab9e744cb27309c64265d7,2023-06-01,GB,control,1,0,monthly.5.99.3d.trial,0
02b1b7cdb93963d3dc8ab430fc81394e,2023-06-02,AU,control,0,0,,0
02b24aa338bf33c10471fe71eada596c,2023-06-07,AU,treatment,0,0,,0
02b85d4f433187a3d31c8a432be369a6,2023-06-03,AU,treatment,0,0,,0
02b9bb3d23cf62b499ed80835205c6d5,2023-06-04,CA,treatment,0,0,,0
02c5ff29f78795d1e5313431829b29b4,2023-06-04,AU,treatment,0,0,,0
02cb59e4482255bed0e676e372ce8e2d,2023-06-04,GB,control,0,0,,0
02d519839e46e864e11c896c1711e365,2023-06-03,US,treatment,0,0,,0
02d5e3eb12268ca3ed3805ad19429372,2023-06-03,CA,treatment,0,0,,0
02d838fa27deee955c32503fa52aec21,2023-06-06,GB,treatment,0,0,,0
02e414d4a349207389b22219a7d8ed18,2023-06-04,GB,treatment,0,0,,0
02e4a450956efb4126ec1432920e1763,2023-06-05,US,control,0,0,,0
02eac0229b32d3c9eaab683073ab5894,2023-06-07,CA,treatment,0,0,,0
02ec8a8eb7b5380a1c420e56d6c75291,2023-06-04,AU,treatment,0,0,,0
02ed8514f8f1e61bbc98515254fc02bb,2023-06-02,GB,treatment,0,0,,0
02eec1490461f198a30f15d6c88ebc4b,2023-06-02,US,control,0,0,,0
02f3712007198c06ecf087e78e31317a,2023-06-04,AU,control,0,0,,0
02fb2dbbb6d579486f0ebc06ee79cc98,2023-06-04,US,treatment,0,0,,0
02fb4cd2b41e72a42103efd56204281b,2023-06-03,GB,control,1,0,monthly.5.99.3d.trial,0
02fe886ecf224f5de122ecf74727f579,2023-06-06,AU,control,0,0,,0
031680be98bfcdcdfb224129514fb0d6,2023-06-01,CA,control,0,0,,0
031784166e0fdd79e7b10bff568155ff,2023-06-04,US,treatment,0,0,,0
031d3692b9425ee588b0354a62a9b044,2023-06-03,CA,treatment,0,0,,0
032ec013bfb2fc65d612a9bc39402e83,2023-06-04,GB,treatment,0,0,,0
032f7c1ee50a9a3778db2c980b61e509,2023-06-06,US,control,0,0,,0
0332ece185ce6957e55b8b2ddd159ba1,2023-06-04,CA,control,0,0,,0
033a8195e1026a3c00ccc027822dc358,2023-06-06,US,control,0,0,,0
0342fce2e10f136d6f4e0cda933d9318,2023-06-02,AU,treatment,0,0,,0
034309d1e2a6032acc830c2390a7e1b4,2023-06-01,AU,treatment,0,0,,0
03497ae36f44ca7f8d091e96ce0b70ab,2023-06-03,US,control,0,0,,0
034bfe831252522a239c8ffc1b5f3d9e,2023-06-07,CA,treatment,0,0,,0
03519679cb6735d5a3870ca465d5e245,2023-06-06,US,treatment,0,0,,0
0357631e4ee7cc7aebc88d78b7de78a0,2023-06-02,GB,treatment,1,0,weekly.2.99.3d.trial,0
036393e0a93579406b31572803c6b5ed,2023-06-03,CA,treatment,0,0,,0
036cdb1cbeb3e369c16a99e9313459e1,2023-06-01,GB,treatment,0,0,,0
037227f26a8bccae9c856b7e092782c3,2023-06-05,AU,control,0,0,,0
03763ddc12aeac1769c559039c41446e,2023-06-01,CA,treatment,0,0,,0
0381bbf3d8bbb7de7f89d27451bf0bf5,2023-06-04,US,control,0,0,,0
0382b7aac1adb78743de167b5cd6a9ef,2023-06-03,GB,treatment,1,0,weekly.2.99.3d.trial,0
0386982266d784c8a48609095ae31b98,2023-06-07,US,control,0,0,,0
0386a778c25d6b2150c4a2d15906cc01,2023-06-07,AU,treatment,0,0,,0
038c88c17cefcef185bc64b3bcb909ab,2023-06-01,GB,treatment,0,0,,0
038e4ff56f2ef1ee5d0eb2f28b12900b,2023-06-01,AU,treatment,0,0,,0
0391de3c800439433a2406d4f3976646,2023-06-06,AU,treatment,0,0,,0
039b5fb308863d5da5cd9aff251dd58e,2023-06-02,AU,treatment,0,0,,0
03a317760a4e74749012db0aad61750d,2023-06-02,GB,treatment,0,0,,0
03a60f018c25bf942c4f03954d5df672,2023-06-07,GB,treatment,0,0,,0
03aa8dd1f863573f22206cbb7ae97415,2023-06-03,AU,control,0,0,,0
03ac301c6990fdaa5de7917321031dd6,2023-06-05,US,treatment,0,0,,0
03ad2e4b41e3b2c58461329486257a14,2023-06-07,GB,control,0,0,,0
03b39f012be0bdd79fbfd30953891de2,2023-06-06,US,control,0,0,,0
03b5a43b6a662e5c4d2f12728f357843,2023-06-01,AU,treatment,0,0,,0
03bb9677813600f65e87e2864341a9f6,2023-06-05,GB,control,0,0,,0
03bcbbed0a2894e53dd9a356050af7e6,2023-06-05,US,treatment,0,0,,0
03c1a106a7fe6d7242b1efd756177517,2023-06-01,AU,treatment,0,0,,0
03c79cdc275cbf47ebbbcf088f1b0150,2023-06-07,US,control,0,0,,0
03d226e14d18469abfb33f78ea4fd7af,2023-06-04,CA,control,0,0,,0
03d35976b3cf2fe86382343d35cab947,2023-06-07,CA,treatment,0,0,,0
03d8771deb8eb3066dbc31cdbed1bef6,2023-06-07,CA,treatment,0,0,,0
03da152006416ddfe85c93c26aa6d38a,2023-06-05,CA,control,0,0,,0
03db8ecd8b19f060bb90a60e01de02ae,2023-06-07,AU,treatment,0,0,,0
03e2a6892d92d474468379519faa82c8,2023-06-07,US,treatment,0,0,,0
03e8708d2b5099d46f92a32256f517f9,2023-06-04,GB,treatment,0,0,,0
03eae00a91f998e1498451962d37e90c,2023-06-05,US,control,0,0,,0
03eb112e3d110de02d193129de5895a8,2023-06-05,CA,control,1,0,monthly.5.99.3d.trial,0
03ebe362680738eb77053a1543cc5084,2023-06-05,GB,control,0,0,,0
03f288ec68c0714a3617b22a48aa6103,2023-06-07,CA,treatment,0,0,,0
03f5f554268f21c33372635e0190e750,2023-06-07,GB,control,0,0,,0
0401b6cc2680c6ed59d4d17b67e113a4,2023-06-07,CA,treatment,0,0,,0
04021e0b66c5462973b33b8e5504aaf9,2023-06-07,US,treatment,0,0,,0
040856a970cb1880c74c7ad84b793d3b,2023-06-05,CA,treatment,0,0,,0
0408c2a4904a9b467725dea1ba7b89bd,2023-06-01,AU,treatment,1,0,weekly.2.99.3d.trial,0
040b51cbd4e5f47c6f41095563bef547,2023-06-04,US,treatment,0,0,,0
040cb1349247453c86aa19dd805d3888,2023-06-05,CA,control,0,0,,0
040d25e22e9c1200b09cadbc8df9de54,2023-06-03,AU,treatment,0,0,,0
040de6f5b1a4245612831eb1b61c9db4,2023-06-02,GB,treatment,0,0,,0
040fb8d92e00fb48e6deafe18b21f722,2023-06-01,AU,treatment,0,0,,0
041651a85a7d68b72011341077da4b62,2023-06-06,GB,control,0,0,,0
042b9570fcf6749c3b40c719cee02806,2023-06-03,AU,treatment,0,0,,0
042bc695c31643e4ec9e24676ec79dc6,2023-06-07,GB,treatment,0,0,,0
043a12e7da70daa196e72ee03b529063,2023-06-05,GB,treatment,0,0,,0
043f7ee081d9f10c8475ba78cd667da9,2023-06-06,AU,control,0,0,,0
0441a704fca6706abeb77b34cdbb3ff8,2023-06-05,CA,treatment,0,0,,0
04436b7854c5d2f6eee2272ac0417a57,2023-06-07,AU,treatment,0,0,,0
04544ff8ba08f9e99fce9a539c11ac6b,2023-06-04,CA,treatment,0,0,,0
045630f7b17d3b7c5e597beb99572312,2023-06-02,US,treatment,0,0,,0
0458c598bea42c4c8561ee28e505ab30,2023-06-05,AU,treatment,0,0,,0
0459eba5d10011237668462c3fc01d8c,2023-06-04,CA,control,0,0,,0
0460ae7b4d83a058291d0d77c5c5f846,2023-06-02,CA,control,0,0,,0
0462c0089ddc553a3e198b52b8711740,2023-06-06,GB,control,1,0,monthly.5.99.3d.trial,0
0464ddfd40c14eb2ac3ecbae3eb16458,2023-06-02,AU,control,0,0,,0
046745bc9b5560679ae455ce4f14904e,2023-06-02,US,treatment,0,0,,0
046a6ae5a1dfa671fc401a2e5c47a187,2023-06-06,GB,treatment,0,0,,0
046aab9e43d70bc77fda1609a79bfdb4,2023-06-03,CA,treatment,0,0,,0
046d4972f0f371533852cc631f08e621,2023-06-04,US,treatment,1,0,weekly.2.99.3d.trial,0
0471943d0e93772b1f77223fa1977963,2023-06-07,AU,treatment,0,0,,0
04738caa75c5009ccd403dcc78a0c960,2023-06-03,CA,treatment,1,0,weekly.2.99.3d.trial,0
04742e826497f399dbcecbe6a73f82f8,2023-06-01,US,control,0,0,,0
0480260f529e0cdd99804338b389dbb6,2023-06-01,CA,control,0,0,,0
048251ba65d08b7739203f6081e560af,2023-06-05,CA,control,0,0,,0
0484f1cd9911b01a2eee3201778acd35,2023-06-07,AU,control,0,0,,0
048519536172e844094f131d1ee1857f,2023-06-05,US,treatment,0,0,,0
0485968cf29fe9917419e21fa67f5d12,2023-06-01,AU,control,0,0,,0
0489e9ace886945fe6bd6a738c3c575b,2023-06-05,CA,control,0,0,,0
048a601443cd68b0eb1102eedc5065fe,2023-06-06,US,control,0,0,,0
049974a47f0aa39326a5f67b6a6ac46a,2023-06-02,US,control,0,0,,0
04a01f6f149115f86d0ca20b8d797716,2023-06-02,CA,treatment,0,0,,0
04a5950f753ca16680b9ceaa57ae340d,2023-06-04,AU,control,0,0,,0
04ad879685b9e9018e77200630f3446f,2023-06-03,US,control,0,0,,0
04adedc0f67db1ed24cf76bffd27a8de,2023-06-06,GB,control,0,0,,0
04aed4d3b1b1d43b976228bb484676ed,2023-06-01,US,control,0,0,,0
04bf5f88607d5425eea42c2ff4eab678,2023-06-01,GB,treatment,0,0,,0
04c230a366b10ba9f9f3456ce558dcdc,2023-06-07,CA,treatment,1,0,weekly.2.99.3d.trial,0
04c3295adeac19aa7a90bdb61bafefed,2023-06-05,CA,control,0,0,,0
04c5fa99ef9f8a853b3ffe32ea161357,2023-06-04,CA,treatment,0,0,,0
04c7a8051696293ea345b1b9ae4cca7f,2023-06-05,CA,treatment,0,0,,0
04c882258a96bba952ca2b40126ce754,2023-06-05,AU,control,0,0,,0
04ca195a18e14d94d56ff2118ff57985,2023-06-01,US,treatment,0,0,,0
04cfaff1545250fa0757a77deffe133f,2023-06-01,AU,treatment,0,0,,0
04d02e23c4a92619a3d28fb57c8d49ed,2023-06-06,AU,treatment,0,0,,0
04df51ada786726a9cc896001a5cc9f4,2023-06-02,US,treatment,0,0,,0
04e022c8508b9560f19fc4c423446543,2023-06-05,GB,control,0,0,,0
04e2a0a711ac59b6a9a53bfd90c88c9f,2023-06-06,AU,control,0,0,,0
04e3aa998bf427d81dd9771f79da673f,2023-06-02,US,treatment,0,0,,0
04eb1bb5f533df961220dd5f04d6db35,2023-06-05,GB,control,0,0,,0
04f73b8ef2a628e09682e28b775b05a3,2023-06-06,US,treatment,0,0,,0
04fbfcd5f3c1866356ae5e7a8519d249,2023-06-01,AU,control,0,0,,0
050050a23dd69573d7870279113cb8ac,2023-06-01,AU,control,0,0,,0
05079de7e759c35916eded5cfc413229,2023-06-04,AU,treatment,0,0,,0
050aa2295a8b97f2a0dbd88613f7e241,2023-06-06,AU,control,0,0,,0
050be9b0a412e85a79170127d9aea851,2023-06-02,AU,control,0,0,,0
05145f510535a06fb5e0f5460405b860,2023-06-05,AU,control,0,0,,0
051bd0eac64b42100f3a39c17a5fedd8,2023-06-02,US,control,0,0,,0
0525163a3c5caff5c2b6323fef82b6d4,2023-06-07,CA,control,0,0,,0
0526d4627b74e4d84ff7afffeee9e2a4,2023-06-03,CA,treatment,1,0,weekly.2.99.3d.trial,0
052fdaa7d03bd876ebb7a2d3ec90c093,2023-06-05,US,control,0,0,,0
053349157b084868139a92ad52d8b87e,2023-06-07,AU,control,0,0,,0
0533aaa9bd5cd140c25b143283dcd2c3,2023-06-06,US,treatment,0,0,,0
053869db94e9021b0bd9abdf4487b384,2023-06-03,CA,control,0,0,,0
053c73984ae336f5980f89392fd47e6f,2023-06-01,US,treatment,0,0,,0
054299f71b7dd22ffc660542a55bf8d9,2023-06-05,CA,treatment,0,0,,0
0545b2685855ed8111bd5b3e1abc18fd,2023-06-04,AU,treatment,1,0,weekly.2.99.3d.trial,0
054688fa3fdf20d7d872e07d278ad5c8,2023-06-03,GB,treatment,0,0,,0
0564d6de0cb79657fc9902af0668846f,2023-06-02,US,treatment,0,0,,0
056601163cb24d95819a0ac4b3631a2a,2023-06-07,GB,treatment,0,0,,0
056a50f10557bc36ede0a3e27b02d7e0,2023-06-01,GB,treatment,1,0,weekly.2.99.3d.trial,0
056a7ccd510d0b3649435927a9a3c335,2023-06-04,GB,control,0,0,,0
056fe392b23fa7e68637ec76267d2ca6,2023-06-02,AU,control,0,0,,0
0571b8a87c4421e0279fc512bab787cc,2023-06-06,GB,control,1,0,monthly.5.99.3d.trial,0
05788a3a31a09d158bb28f690872ab3d,2023-06-05,CA,treatment,0,0,,0
057b17b5ebf9bbb294aebb47ce11f13f,2023-06-01,CA,control,0,0,,0
0580796f112a91d88b9163cb888d6db1,2023-06-04,CA,control,0,0,,0
05884069e3399210e5e2d5becda0c099,2023-06-01,CA,treatment,0,0,,0
058de6f8270dfbad4c987e0cb487f07e,2023-06-05,US,treatment,0,0,,0
05969387718cf8dbeacb84ce29aa3b56,2023-06-05,CA,treatment,0,0,,0
059871a4f6884be8f7cf57e843a195bb,2023-06-07,AU,control,0,0,,0
0599214dccdfc6f6795c893798d30a28,2023-06-02,GB,control,0,0,,0
059a5a46b02d90d8fbce023707886fcf,2023-06-06,CA,control,0,0,,0
05a60d71b92fbb6eed7e1aa4b4208455,2023-06-05,GB,control,0,0,,0
05acd08eb745a0a69061cecf53c6a0d2,2023-06-04,CA,treatment,0,0,,0
05d276e2a23eb89487a78afb2f11b2ee,2023-06-03,GB,treatment,1,0,weekly.2.99.3d.trial,0
05d49d241cae2bad08ee389583f106a3,2023-06-06,US,control,0,0,,0
05d842dadf5fafabe89dc6ad25b4a9f6,2023-06-07,AU,control,0,0,,0
05d9560624626befff4ac453f48f4aa5,2023-06-04,US,control,0,0,,0
05da044c612c1d1d5a3689d68c31dc24,2023-06-04,US,control,0,0,,0
05e536ae5031f455b3b9c2dac30f899f,2023-06-04,CA,treatment,0,0,,0
05e767372b16e943ff6a5abf7c381620,2023-06-04,GB,control,0,0,,0
05e9b9da108f18f534fe736669388f46,2023-06-07,US,treatment,1,0,weekly.2.99.3d.trial,0
05ea342ddf5776a21cecba3b59f4147e,2023-06-02,GB,control,0,0,,0
05eaf62c4642af0444804d596de7d52c,2023-06-07,CA,treatment,0,0,,0
05ed9f086b6ae387b95f39f4084e980f,2023-06-03,GB,treatment,0,0,,0
05f00dcbe370b0be74bfe8d065cc2908,2023-06-04,CA,control,1,0,monthly.5.99.3d.trial,0
05f247f835907dc1a5884dcaeb803727,2023-06-02,AU,control,0,0,,0
05f5c7fa97fd846bc469fe545f716363,2023-06-07,AU,control,1,0,monthly.5.99.3d.trial,0
05f7f1919739b9b6cb73e33d183f8bb5,2023-06-03,GB,treatment,0,0,,0
05f94edce3db3549c94507da8db56c0f,2023-06-07,GB,control,0,0,,0
05faeb2fe430a78eff6232dba93813f0,2023-06-01,AU,treatment,0,0,,0
05fbb587e75f8f52722a0578145e1ff8,2023-06-05,CA,treatment,0,0,,0
060514db247f1c19dc9721242d4c91b4,2023-06-02,US,control,0,0,,0
06072487b5ab6a46bcd144b9a50499c4,2023-06-06,US,treatment,1,0,weekly.2.99.3d.trial,0
0608a979aa72279e5118e410374df5ba,2023-06-01,GB,treatment,0,0,,0
060f40f894be94f4da92c75b38a390b2,2023-06-04,AU,control,0,0,,0
0611802f8a7ddfa0a9277d94ff8e8354,2023-06-05,US,control,0,0,,0
061628e5a11ddd3e105c3d358a46575b,2023-06-03,GB,control,0,0,,0
0616f57e9e174358fd3409436ba63074,2023-06-03,AU,treatment,0,0,,0
061f6d9de97d2c553aec38e764642336,2023-06-05,GB,treatment,0,0,,0
0630c864251a1940cfe96fc37c47ff1b,2023-06-06,AU,treatment,1,0,weekly.2.99.3d.trial,0
063e49d2b00b9a548acc2908ade3e88f,2023-06-01,GB,treatment,0,0,,0
06430b60264d177a79772a39d0975ad0,2023-06-03,AU,treatment,0,0,,0
0644f9c4c1bd76f4a9af46d5cf02caa9,2023-06-02,US,treatment,0,0,,0
06487dc11d529d5f104b3899a20b3a51,2023-06-04,US,control,1,0,monthly.5.99.3d.trial,0
06556fb3485f2b2017d6a968850b4cb8,2023-06-01,CA,control,1,0,monthly.5.99.3d.trial,0
0656c9af19d45cb45cac30ddabb6f409,2023-06-06,AU,treatment,0,0,,0
0658835baa5726f88bbc1f23cf7bea9c,2023-06-03,GB,treatment,1,0,weekly.2.99.3d.trial,0
0659287285b812b4b1238c5003650eff,2023-06-07,CA,treatment,0,0,,0
06593368104a939cb439c659335bcad8,2023-06-03,CA,treatment,0,0,,0
065b4d11227534dc91015c53b7567d2a,2023-06-06,US,control,0,0,,0
065e9be727dff1613ed43ba4c463d854,2023-06-07,AU,control,0,0,,0
06606f7a547ecac05c305e101cf33afe,2023-06-05,GB,treatment,0,0,,0
0664b1bf0ab62a9cc8e69c61835d7712,2023-06-07,US,control,0,0,,0
06653ee8239e717b07a3bbe24a4b1f0d,2023-06-02,AU,treatment,0,0,,0
067c8841a68d7fe6c95ac8d300129589,2023-06-04,AU,treatment,0,0,,0
068c8425f7457525eb94e3f5bb7932e5,2023-06-02,US,treatment,0,0,,0
069443415eb848c7f207032527f8d1ac,2023-06-06,US,control,0,0,,0
0695994909ee6fe816b70476845ec699,2023-06-07,CA,control,0,0,,0
069dbe9ffe4843b36962d8c0609bcb63,2023-06-01,AU,control,0,0,,0
069dd9513fb116867f1d4e8e935f8289,2023-06-01,GB,control,1,0,monthly.5.99.3d.trial,0
06a6944de920ede4a7f36b4ff24d3b1d,2023-06-04,CA,control,0,0,,0
06a98ece99bffd22d73fa7746cc8466a,2023-06-02,AU,control,0,0,,0
06a9b771f9379f869cd6b9b27d3e891f,2023-06-05,GB,control,0,0,,0
06b3e5a04bdea7a2726c1b17d587b80d,2023-06-05,AU,treatment,0,0,,0
06b3fc53f08b79c8eab32a54ce0b75eb,2023-06-03,CA,control,1,1,monthly.5.99.3d.trial,5.99
06ba9a4da439f906ca9cf7ffd85e1953,2023-06-05,CA,control,1,0,monthly.5.99.3d.trial,0
06bfc9ed5dc61c5e5ad25fe92f00f08a,2023-06-04,GB,treatment,0,0,,0
06c37fdbd0e1f2427c5a3440a6fc7bc5,2023-06-06,CA,control,0,0,,0
06c52cdd45a26565c12b26d8dfcbcb7c,2023-06-04,CA,treatment,0,0,,0
06d1ca5375473088e7e5eff3d076fdfe,2023-06-06,CA,treatment,0,0,,0
06d95a9183e39d6a247f1c71f65d25f9,2023-06-03,US,treatment,0,0,,0
06e23e46b6b1847a33bfbf41ad938a3e,2023-06-04,US,treatment,1,1,weekly.2.99.3d.trial,5.98
06e8578b0b5bb584b4a9f12f822f7cf5,2023-06-01,AU,control,0,0,,0
06eefca0602f1dacde5b98d2846d1e4a,2023-06-07,US,control,1,1,monthly.5.99.3d.trial,5.99
06ef1520b114f347302fde6e368af1f2,2023-06-06,AU,treatment,0,0,,0
06f14ea9cea904be80cab7938deb0268,2023-06-01,AU,control,1,0,monthly.5.99.3d.trial,0
06f8765a672f54d403bc07bbdbe29873,2023-06-07,US,treatment,0,0,,0
06fc5f9fdc8bbd09c68d491d91f57091,2023-06-04,CA,control,0,0,,0
06fdeae5512eaf46cf3bef482edbe503,2023-06-03,CA,control,0,0,,0
0700181c1a8bfe1764f6ebfbc553a708,2023-06-02,CA,treatment,0,0,,0
0700834034c08bfb8aba7ed0a520c69d,2023-06-04,GB,treatment,0,0,,0
0702602aab62c1286dc08cf2a9afbf2c,2023-06-05,AU,control,1,0,monthly.5.99.3d.trial,0
0704d7aea0f7e62105cfe337fd1c5352,2023-06-02,US,treatment,0,0,,0
070aa1d5704a6cfcb934f2b81898025a,2023-06-01,CA,control,0,0,,0
070b27d057cc4ee3a0ea2757f120ede1,2023-06-02,CA,control,0,0,,0
071479041e43ce9b9c1c48cd1d56b4dd,2023-06-03,CA,treatment,0,0,,0
0716c8ba6054efbd568f2cb85fb7d431,2023-06-06,AU,control,0,0,,0
071d8fc5c24a6a96dcc1fd95b20545ce,2023-06-06,US,control,0,0,,0
0721b9aae75ea2996685bde5a5961c54,2023-06-01,CA,control,0,0,,0
07258b49f92d7b233f3abe444f5ab7fb,2023-06-05,US,treatment,0,0,,0
0727720b8a92f9faded5dd89a5578bd3,2023-06-05,US,treatment,0,0,,0
0728ef186b2cfe11167c15ded9112f0b,2023-06-03,CA,treatment,0,0,,0
072f8e09fcdaf42cc9a2c688bf0416ad,2023-06-04,AU,control,0,0,,0
07318873926a983a34e8937dedaf5feb,2023-06-07,US,treatment,0,0,,0
0731af2f92d01c058de85ce1379db0c2,2023-06-04,GB,control,0,0,,0
07323baa737cbba0c65c97685e137513,2023-06-04,GB,treatment,0,0,,0
0734ed1af475b6347bd7765eb14c955c,2023-06-05,GB,treatment,0,0,,0
073938247fa6b8f6eecd8c34e5fc148d,2023-06-04,GB,control,0,0,,0
073a3004f1857c84d6eefd32d47d1d43,2023-06-05,GB,control,0,0,,0
073e1ca5b93acc456705226ccc31827d,2023-06-01,AU,treatment,0,0,,0
073e1f0289a976ef24c2b629bb216bba,2023-06-05,US,control,0,0,,0
07405c9ac7f95f3b2e302c34926f3d56,2023-06-07,CA,treatment,0,0,,0
0742107b0e88829a5ad50d398090d438,2023-06-01,AU,control,0,0,,0
0744dcd72284ba3ab284bfa40efc5ae1,2023-06-03,CA,control,0,0,,0
074a20a79307ea40111a5bdcbb2def70,2023-06-05,US,control,0,0,,0
074e1ae40363190d805a3d53cd560fe3,2023-06-01,GB,control,0,0,,0
074f0f2b34e45da09b692d71ae7cab66,2023-06-05,AU,control,0,0,,0
0750ca565a30fb1600df33201d49b250,2023-06-07,CA,treatment,0,0,,0
07526f7ed1a7fbc8fd3d38fbb7804490,2023-06-02,CA,control,0,0,,0
0757da777a2fa0b7923298fdc211d5df,2023-06-01,AU,control,0,0,,0
0759868fe3bff009713ea804b780d131,2023-06-02,US,treatment,0,0,,0
075f34a71b0b8b2e4e12c691941192bd,2023-06-07,CA,control,0,0,,0
0761fc43c83137117154adc0b335c402,2023-06-04,CA,control,0,0,,0
076a8fbde648a4809f0314af200ba875,2023-06-01,AU,control,0,0,,0
077336a3ccb49541b921020c93d3a6e5,2023-06-04,GB,treatment,0,0,,0
0788e003b58de3392c3381e95fce2a90,2023-06-05,GB,treatment,0,0,,0
078ff65ed61a5ce7a60568a0d4cf4313,2023-06-03,AU,control,0,0,,0
07a4364338ed8744fea5c768e486caa6,2023-06-05,AU,treatment,0,0,,0
07a82464efff98d9ee9124c007854dfd,2023-06-01,AU,control,1,0,monthly.5.99.3d.trial,0
07a9e3d3aa9610ef0dc5e8d65ae989a3,2023-06-02,AU,control,0,0,,0
07ac1e0738fb8229f3290d9131ae7a1a,2023-06-03,AU,treatment,0,0,,0
07b19fdaed88cdcfa1d00e1169ed9a7b,2023-06-04,CA,treatment,0,0,,0
07b1a39df630409782634cd6a44d7e37,2023-06-02,US,control,0,0,,0
07b3f7ed5fe6406b1e7bf026d566cb1e,2023-06-02,AU,treatment,0,0,,0
07b9ec4dfd5099c9809a1180258aa617,2023-06-02,US,treatment,0,0,,0
07c4dbd55ddd1eae14314f26ee7175d6,2023-06-01,AU,control,0,0,,0
07c5d78866466b66f9230f804cddd915,2023-06-07,US,control,0,0,,0
07d518e517a217b8b50a79d6e3c74023,2023-06-04,GB,treatment,0,0,,0
07d5ddaa99c099ac6819f7a55d849038,2023-06-04,AU,treatment,0,0,,0
07d644720f60e89f36720af26a15789e,2023-06-07,US,treatment,0,0,,0
07d6b7dfc11c8d1e1e099db332dba523,2023-06-02,AU,control,0,0,,0
07d7ce10c9f1153972ed47dbecd5ce0b,2023-06-01,CA,control,0,0,,0
07d80948f505d0b6b34928bf0a1e4467,2023-06-06,CA,control,1,1,monthly.5.99.3d.trial,5.99
07d8cc96463aa36b88752ff940ff3a3f,2023-06-04,US,control,0,0,,0
07d96936a961ae7aab14df18a2ebf57a,2023-06-04,CA,control,0,0,,0
07ddb4d67ec3b3ad32c1ae9f9334adb6,2023-06-01,GB,treatment,0,0,,0
07de1b771d5e3d770afc5bf234f35d4a,2023-06-02,GB,control,0,0,,0
07e0d6d96d596c56321c7e33bbae13d0,2023-06-01,AU,treatment,0,0,,0
07e49ace72bb302199009730812c10f9,2023-06-06,AU,treatment,0,0,,0
07e641ed246f90c6587f28abaf465d36,2023-06-04,US,control,0,0,,0
07e7435078031888fd705cbce4af408e,2023-06-05,GB,control,0,0,,0
07e99ccf59932a6f1c0a20ba60d77c4e,2023-06-03,CA,control,0,0,,0
07fa39eaf5814a66f6cb1df4affdff62,2023-06-07,GB,control,0,0,,0
08003c53455a7e894766ab89ba930665,2023-06-04,AU,control,0,0,,0
0800796ce29e6d8c724ff18965adb3be,2023-06-03,GB,control,0,0,,0
08055e4c99e1485552a74f061ad04bcf,2023-06-01,AU,control,0,0,,0
080bd3bf7a6e3b64e7e009430ded70e5,2023-06-03,CA,treatment,0,0,,0
080d48bb91204bcf7a5f08fee650ed73,2023-06-02,CA,treatment,0,0,,0
081b9259105a16d883195a90b35cb0d9,2023-06-01,GB,control,0,0,,0
081cd55560eef383b2b3fc828692419d,2023-06-04,GB,control,0,0,,0
082d2ca24007580a068c0388fffb4b25,2023-06-03,GB,treatment,0,0,,0
08461e32474a69824d7d902c801fc788,2023-06-01,AU,control,0,0,,0
0850ed47c870ddabd1ed2f37f6217346,2023-06-06,CA,treatment,0,0,,0
085396ce99f49afbba58e832c2920917,2023-06-02,US,treatment,0,0,,0
085995c9eaaa0a5f21bc2eae7b0740b0,2023-06-04,CA,treatment,0,0,,0
085d3b87c769cf1c2c4c2358563e32c3,2023-06-01,US,treatment,1,1,weekly.2.99.3d.trial,5.98
086058a5441a098a30c502f5aa1b36bc,2023-06-04,CA,control,0,0,,0
08638ccc79a1e50a7f0bebecd8effd13,2023-06-03,GB,treatment,1,0,weekly.2.99.3d.trial,0
086ad86cefcba8e4812709d093e9a9c2,2023-06-02,GB,control,0,0,,0
086dc84c5803184d01a561b1bcdff8cb,2023-06-05,AU,control,0,0,,0
086ed907854ea3f4fbb04867d8123fa7,2023-06-07,US,control,0,0,,0
0871ebce996adce25a6b4a9f942cd608,2023-06-05,US,treatment,0,0,,0
087defc5d3f5f9f590d0138fb2b7b9df,2023-06-05,CA,treatment,0,0,,0
087e0de1a47065f585df39e9934d060d,2023-06-07,GB,control,0,0,,0
088084f2591f5078bf016db4d0f39431,2023-06-01,US,treatment,0,0,,0
088777a0f3440e287e828850804572d1,2023-06-05,CA,control,0,0,,0
08887ca812f41e023a6dead21d9a81c7,2023-06-03,US,control,0,0,,0
088feacfd2b695310c723d0cd3bd813d,2023-06-05,AU,treatment,0,0,,0
089a890a3f417e17e0a345a5ab60bb21,2023-06-01,GB,control,0,0,,0
08a00581e15e59f76abab6b8e78a5156,2023-06-05,AU,control,0,0,,0
08a0e15cfa59ee5c35356125650162c4,2023-06-05,AU,treatment,0,0,,0
08a5b55dba809d7de0faee8de9db3a73,2023-06-01,CA,control,0,0,,0
08a9086af1259f9c5680aaf53268272c,2023-06-05,AU,treatment,0,0,,0
08a95fb326046cda40e958c17dda25fe,2023-06-06,US,control,0,0,,0
08ae8fd3fcda77320111148282c0664b,2023-06-02,GB,control,1,0,monthly.5.99.3d.trial,0
08b04c92aafd94d4a8c6b595a452a2fe,2023-06-03,AU,control,0,0,,0
08b0af82924e8a18144bf6469409d593,2023-06-03,AU,treatment,0,0,,0
08b3896b511cb8620b143c2155faabe6,2023-06-05,GB,treatment,0,0,,0
08b673c004a1f3d7225f8bf99caee720,2023-06-07,AU,treatment,0,0,,0
08c8cb7fdcb844934663329005f620e6,2023-06-01,GB,control,0,0,,0
08c9f402309c5cc3b12b5058eab8ee1c,2023-06-07,AU,control,0,0,,0
08d0bf2858ff0131a2f75b7949372352,2023-06-07,AU,control,0,0,,0
08d67004bbe3409752b4673e17d97b2f,2023-06-05,GB,control,1,0,monthly.5.99.3d.trial,0
08d68105f434533426a947870f012290,2023-06-01,GB,treatment,0,0,,0
08d87fb67097341847998330b0c5f705,2023-06-04,US,treatment,0,0,,0
08d9962679697a6f6f486db5f606cb25,2023-06-05,CA,treatment,0,0,,0
08e0284747b4801598a419ed94fe0008,2023-06-01,GB,control,0,0,,0
08e09e564844659476662fb969b53057,2023-06-06,GB,control,0,0,,0
08e2299b0d8cfe5ce6b9b8eeefadafa4,2023-06-03,GB,treatment,0,0,,0
08eb301c98f7573bc9c50a075590396b,2023-06-06,US,control,0,0,,0
08eb3730014891d003d0ee4dccce8ad3,2023-06-04,AU,control,0,0,,0
08f83249dfdc5fb0ff527c89c8ef0f8a,2023-06-06,AU,control,0,0,,0
08f94236d370f134bbca44b94f0efa06,2023-06-07,GB,treatment,1,0,weekly.2.99.3d.trial,0
08fc567cc014c2d0e9d0561bcb1f2521,2023-06-01,AU,control,0,0,,0
08fc791b0b03db9dc9c84277f15342ed,2023-06-04,AU,treatment,1,0,weekly.2.99.3d.trial,0
08ffe9eef19056e46f5528bdf71e3cf7,2023-06-04,CA,control,1,0,monthly.5.99.3d.trial,0
0901cc55738636eb3fba8ab5712b9f12,2023-06-05,US,control,0,0,,0
09029272ffc3cf1da34f47bf9f0c07ee,2023-06-02,CA,control,0,0,,0
0904a4081d3743aa75e0775140d6937b,2023-06-05,AU,treatment,0,0,,0
090593672b654ed9a0e0ddd1ccd07cb5,2023-06-02,GB,control,0,0,,0
090896be342ebc87905fc02ef499525f,2023-06-07,CA,control,0,0,,0
0908f2bec8d1c51c11119b7da206c850,2023-06-02,AU,treatment,0,0,,0
090e340419c934a99aa2be08e0721138,2023-06-04,AU,control,0,0,,0
090eda3b3075c0ed38319e954f0707a6,2023-06-01,CA,control,0,0,,0
0919069f9fd8111088a03086b4a48f47,2023-06-01,CA,treatment,0,0,,0
091a8c7154b03d73a42a5088588d4387,2023-06-06,AU,treatment,0,0,,0
091f640e51bf038d640fbc3b348b9710,2023-06-05,US,treatment,0,0,,0
0922cb47a17bf30c354172981d2da934,2023-06-04,US,treatment,0,0,,0
0924202c35169d53f4887294fc8c34aa,2023-06-04,US,treatment,0,0,,0
09257243bc6b8ebe8a69f7f78a89cea0,2023-06-01,GB,treatment,1,0,weekly.2.99.3d.trial,0
092f9ad2a00552541c1981da8d4f7cab,2023-06-06,US,treatment,0,0,,0
0936c219609b42d9890d3c835b6d1a51,2023-06-05,CA,treatment,1,0,weekly.2.99.3d.trial,0
09379e4a194be05191e846767a852788,2023-06-06,US,treatment,0,0,,0
09379ffd19114f3c06a7a0242fe2bb7c,2023-06-02,AU,control,0,0,,0
093b97c684c467688868880b47d68c00,2023-06-06,GB,treatment,0,0,,0
09483898443c91bbbd3f904fc2a2a82c,2023-06-01,GB,control,0,0,,0
09490dfff27d707a72972d7c2833c4a4,2023-06-02,GB,treatment,0,0,,0
094cc324b1032fca8e1920f99b2f7730,2023-06-02,CA,treatment,0,0,,0
095bfa96f673d4cf9d751891ad5e475d,2023-06-02,GB,treatment,0,0,,0
096468de63831028fa72e445fa6107db,2023-06-06,CA,treatment,0,0,,0
09696f7212989a2ffd4e21c557236a68,2023-06-05,GB,treatment,0,0,,0
096a2d117728cfbd83ed225df61a6bbb,2023-06-03,AU,treatment,1,0,weekly.2.99.3d.trial,0
096fedd8428c02226d350d89174ce605,2023-06-01,CA,control,0,0,,0
09706b51015a88afa5a75f871ad78361,2023-06-01,CA,treatment,0,0,,0
09715cc4acf6bfe198f6603e35bc31cf,2023-06-07,CA,treatment,0,0,,0
0971b13c7d007a77dfd21e8b323980d4,2023-06-04,CA,control,0,0,,0
0977d7a63ecf8966d4d11f019d8aff26,2023-06-04,AU,treatment,1,1,weekly.2.99.3d.trial,2.99
097a87808baa41a44cf75fe744446774,2023-06-02,AU,control,0,0,,0
097adcbcde8e7d8dc6bd7e9861ef3220,2023-06-02,CA,control,0,0,,0
097d1a1c8e449cb3fff62e6041dd15a9,2023-06-05,US,treatment,0,0,,0
097e67692dc1904b52578187203f7513,2023-06-07,US,control,0,0,,0
097ecc46385fe24a497c949d8b6139d5,2023-06-01,GB,control,0,0,,0
0986ef73372145510c1406287e36da23,2023-06-03,US,control,0,0,,0
09934d1b61f4a5ffb16db5f103c6f4ae,2023-06-07,GB,control,0,0,,0
0997728560f67918931ec45015d27464,2023-06-06,CA,control,0,0,,0
099e0d295a5c80dbadc128d3afef583c,2023-06-01,CA,control,0,0,,0
09a2bd365a8a60767687f5fbf2ad92c3,2023-06-02,US,control,0,0,,0
09a95ae282c70a008d855e56b9ecfa71,2023-06-06,US,treatment,0,0,,0
09ba16b393cc21f3562732049d73534b,2023-06-02,US,treatment,0,0,,0
09c436796e673c50140998ef54b32f37,2023-06-05,CA,treatment,0,0,,0
09c5862773207b9173c9a62e332131cd,2023-06-01,CA,control,0,0,,0
09c5b291f239b3fb56d5c1004b42e9bd,2023-06-04,GB,treatment,0,0,,0
09c5b582e07e78341e49619cbc96652a,2023-06-06,US,treatment,0,0,,0
09c96b6ad8a3f6127f1289653596b59c,2023-06-03,CA,control,0,0,,0
09c983de955aa99c411b62e867b31e48,2023-06-05,AU,treatment,1,0,weekly.2.99.3d.trial,0
09cbe8aec71993fe958887750c7b1103,2023-06-07,GB,treatment,0,0,,0
09cdedeaaadb5b5bd3a5c716f49d488e,2023-06-05,GB,control,0,0,,0
09d5d8370122edd83705fb86726b8b61,2023-06-02,US,treatment,0,0,,0
09dd4d6348ff2552b373f3e470296fe6,2023-06-06,AU,treatment,0,0,,0
09dfceb2c3734d79c11587e68be9b7a0,2023-06-06,CA,treatment,0,0,,0
09e024f1622a025495a245163dab3a00,2023-06-02,GB,treatment,0,0,,0
09e6f170269f8f0a217cf78ea8aa1e30,2023-06-04,GB,treatment,0,0,,0
09e84aab724458f48ab9c4d3039ffaec,2023-06-04,AU,treatment,0,0,,0
09ec74ee78076027b7538dfa212dc76b,2023-06-07,US,treatment,0,0,,0
09ec957d089c89c363e0ab1d1b2ab6c0,2023-06-07,US,treatment,0,0,,0
09f35f7b45c9577a47a74396a88b5e05,2023-06-07,GB,control,1,1,monthly.5.99.3d.trial,5.99
09f78753ee80f282ef4eb7de11ba4ef1,2023-06-03,CA,treatment,1,0,weekly.2.99.3d.trial,0
0a00a1c6ad615c00e282eb0399786015,2023-06-07,AU,control,0,0,,0
0a00ea4e4ecffcd03992f898a924d84a,2023-06-02,US,control,0,0,,0
0a01ae64d7f2b65454066a697b90a483,2023-06-06,US,treatment,1,0,weekly.2.99.3d.trial,0
0a025cd65aeaf61442680926305bcba1,2023-06-02,AU,control,0,0,,0
0a04923b5f661925b1e371d4c5eeedb6,2023-06-05,GB,treatment,0,0,,0
0a06889ad043ecea449b1faf6f25bdd6,2023-06-05,AU,control,0,0,,0
0a0c4ef0af90456651708886bb15fa6c,2023-06-07,GB,control,0,0,,0
0a12f3af18221c0881ab33db7d19098d,2023-06-06,GB,treatment,0,0,,0
0a15d3567f10853e120656f3db1d4070,2023-06-04,AU,treatment,0,0,,0
0a1ab6c7b2d3d0e09a0847db990aba6e,2023-06-05,CA,treatment,0,0,,0
0a21eaf3b1e93eb3c6c6a88728a68144,2023-06-02,CA,treatment,0,0,,0
0a21ede2b2a0d924f48c707cc9c2a4d2,2023-06-07,AU,control,0,0,,0
0a230361f9f705c32a849643975ff910,2023-06-05,US,treatment,0,0,,0
0a293898e31e3d75dcd6db6a5fb70df0,2023-06-07,AU,control,0,0,,0
0a3e6e3f7b6ed18a20b310c06cf6f835,2023-06-03,CA,treatment,0,0,,0
0a4b760415d7b75657dd9b09f8d83e36,2023-06-03,US,treatment,0,0,,0
0a4c35f6321c87890f998f42cdce3e62,2023-06-01,US,treatment,0,0,,0
0a523b4300f3b4029a67cde85c5fb8d8,2023-06-01,GB,control,0,0,,0
0a5d9b0f7f669d60e2a3b3de348d55e9,2023-06-06,GB,treatment,0,0,,0
0a656f1c6f46683db870be792441de12,2023-06-01,GB,control,0,0,,0
0a747a0369ec5050f9d864dca54369d5,2023-06-04,CA,treatment,0,0,,0
0a771a2b0118b8f6618d7054ff6f0ec9,2023-06-07,GB,control,0,0,,0
0a7910a10d5d4ce5e04075aafb1dd5ef,2023-06-07,AU,control,0,0,,0
0a795f921e9f2e4cf56d9109ceb15434,2023-06-06,AU,control,0,0,,0
0a79b6163e3642cf59ca1716005cbf9f,2023-06-07,GB,control,0,0,,0
0a7f7bbf3b98cbd485677e035aa56523,2023-06-05,US,treatment,0,0,,0
0a7f8fb223ea23a2a2b40c3bfc8d5825,2023-06-04,GB,treatment,0,0,,0
0a819d2b038cbd5ec772355f4fbedad4,2023-06-07,CA,control,0,0,,0
0a845edec523e5d29b5da72f73623ad6,2023-06-06,GB,control,0,0,,0
0a85abfb384cf1e2bd9f9b20eca88b47,2023-06-02,US,treatment,0,0,,0
0a85f19f3221bc27cc2fd62f85b41b48,2023-06-07,CA,control,1,0,monthly.5.99.3d.trial,0
0a87e1bc4749ac40fcc640c3c171ebb9,2023-06-04,US,treatment,0,0,,0
0a8bc80eda95087a7ac36b5775bac233,2023-06-06,US,control,0,0,,0
0a9564f39db36c8e256635b7f6270794,2023-06-04,US,control,1,0,monthly.5.99.3d.trial,0
0a9ca9e7ccd2deb38086a97eda8a5b76,2023-06-06,US,treatment,0,0,,0
0aa44b13c7d7e800931889e6db4b9285,2023-06-07,GB,control,0,0,,0
0aa490c61d203d6c751cffeab1b38a0b,2023-06-07,AU,control,0,0,,0
0aa6aa562a92e38ac5a76cc384ad72af,2023-06-06,AU,control,0,0,,0
0aa9593229e24a2b4d123b59909b30a9,2023-06-03,CA,control,0,0,,0
0aad5af69be1b231e88b83f4a936154f,2023-06-05,GB,control,0,0,,0
0ab1cc692b31f3e012e16fe32ba696d0,2023-06-01,AU,treatment,0,0,,0
0ab240a6821911fe01d1d55945640a45,2023-06-05,GB,control,1,1,monthly.5.99.3d.trial,5.99
0abeb2f237443d58aefc9591ab4841a5,2023-06-01,CA,control,0,0,,0
0ac28ffbd20bd4616470ae59f0e931f1,2023-06-02,GB,control,0,0,,0
0ac3ab39d94255134441cb754f94d00e,2023-06-07,GB,control,1,1,monthly.5.99.3d.trial,5.99
0ac53a2937d9a0040d66a58007f5c83e,2023-06-02,GB,treatment,0,0,,0
0ad25aa20d612fcc9efb6d368887d213,2023-06-06,US,control,0,0,,0
0ada21e2e37c20b5b37bfc5f1ebb715f,2023-06-01,CA,treatment,0,0,,0
0adc22f70d4238dcf21c523ba0191600,2023-06-02,GB,control,0,0,,0
0adc4b1374e545fbd4bb2e721c208251,2023-06-02,AU,control,0,0,,0
0ae19326c632b562db8f54c6b1bb3134,2023-06-03,US,treatment,0,0,,0
0ae7ad06fa3d6b4c6555b3b10e43a6f8,2023-06-04,GB,control,0,0,,0
0aeabce6d017d6129412bea4cc82fb63,2023-06-04,GB,control,0,0,,0
0aebae9d4784917d4d2071ec10767601,2023-06-03,AU,control,0,0,,0
0aec0c6dd1a853872564a74aad016019,2023-06-03,US,treatment,0,0,,0
0af6569518290fe919b2ebb634364d85,2023-06-04,AU,control,0,0,,0
0af74457499802eff65e32ba1b7f4290,2023-06-01,US,control,0,0,,0
0af876ffaac6c483dd7e082d1341c9d4,2023-06-07,CA,treatment,0,0,,0
0affd69cadec1cd80215874237322fe8,2023-06-02,GB,control,1,0,monthly.5.99.3d.trial,0
0b01c187ca200a5c8a81bd2b72322936,2023-06-07,AU,control,1,0,monthly.5.99.3d.trial,0
0b02781dec2c95750e4115c695d0e12d,2023-06-01,US,control,0,0,,0
0b03c18937c645d5b15848b0fbe4aa1e,2023-06-02,AU,control,0,0,,0
0b0c396162c85268e2a04d4bfeec1e57,2023-06-02,US,treatment,0,0,,0
0b0da4eb5eecac1279a4632e4ccc8219,2023-06-01,GB,treatment,0,0,,0
0b10f111203b73a43cfd499e1aa66d75,2023-06-01,CA,control,0,0,,0
0b1e2d408e6c4979cc8200f2b7825444,2023-06-01,GB,treatment,0,0,,0
0b1e6e7b992bd4a618e151ee9816b68a,2023-06-01,GB,treatment,0,0,,0
0b1f20a9055d4516fd1c04bdec1d55cc,2023-06-01,US,control,1,0,monthly.5.99.3d.trial,0
0b24759a06cdcda4f11dfe9f54fdb0d0,2023-06-01,US,control,0,0,,0
0b28cd3c3d486da537d274b81ce2ce96,2023-06-07,US,control,0,0,,0
0b2bc1e6974d63f9a43dd78922500e14,2023-06-03,US,treatment,0,0,,0
0b330626eb85db41b711fc0d740d1282,2023-06-01,GB,control,0,0,,0
0b36b1700eb1764cb275dd87e217e462,2023-06-06,AU,treatment,0,0,,0
0b3d1887ee1c65a845490951f85ad640,2023-06-04,GB,treatment,0,0,,0
0b3dffe10d1bc66d40045b12a4153cd9,2023-06-01,CA,treatment,0,0,,0
0b46613c87c88657debd30e67c69ca02,2023-06-03,AU,treatment,0,0,,0
0b46d3b03f777cbcec907e2736ae4d2e,2023-06-01,AU,control,1,0,monthly.5.99.3d.trial,0
0b493ca13ee507db4a2029b7a77d43a2,2023-06-07,US,control,1,1,monthly.5.99.3d.trial,5.99
0b4ac86ea241d07644747ea8b4fe728a,2023-06-05,CA,control,0,0,,0
0b4e80e4682171a3b8762de4f1a80019,2023-06-06,AU,treatment,0,0,,0
0b51b8100842bafcf507a1630f98a16b,2023-06-05,CA,control,0,0,,0
0b54e3c8a3f0f39a7dd4cf485fc0a0a0,2023-06-04,CA,treatment,0,0,,0
0b5f7b8c8f3b58c36583405e0f34c139,2023-06-02,CA,control,0,0,,0
0b60580f7e58926a0673c57269dcb3b9,2023-06-03,US,treatment,0,0,,0
0b608d302058c1774517d5ffd20f2946,2023-06-05,GB,treatment,0,0,,0
0b60e208fa27d54f35cb0ac877adb008,2023-06-01,US,treatment,0,0,,0
0b6565ffc0efdf827627c0f03bb3f6e1,2023-06-02,CA,treatment,1,0,weekly.2.99.3d.trial,0
0b6b23b29faff21284cd83a96954e215,2023-06-06,GB,treatment,0,0,,0
0b6e5dde346700cdf5fd4ca94aba15c8,2023-06-02,AU,control,1,0,monthly.5.99.3d.trial,0
0b70b68c155aea5a29f3d2dd435cee34,2023-06-07,GB,treatment,0,0,,0
0b7a8417ce9440566653f92457e824e8,2023-06-07,US,control,0,0,,0
0b7bf58875d5e5c8e61e842fed75bcef,2023-06-07,GB,control,0,0,,0
0b7c11d84ab20e1eb4f8ac02547c0b33,2023-06-06,AU,control,0,0,,0
0b81f314965553aa31f385443ca34592,2023-06-05,CA,treatment,1,0,weekly.2.99.3d.trial,0
0b87562aadb354f5557d9f1cee491b8a,2023-06-02,AU,control,0,0,,0
0b8eb2e094a8bd28f90a3e5003fa67d5,2023-06-01,GB,treatment,0,0,,0
0b9f34fd8f25684a9c0f51cf5f030758,2023-06-07,AU,treatment,1,0,weekly.2.99.3d.trial,0
0ba67306527604b987c252de53933f69,2023-06-05,CA,control,0,0,,0
0babbec7aa305b8ac52d5e24f3fa72e2,2023-06-03,GB,control,0,0,,0
0bae72691d09364a01eca59ad73610e1,2023-06-03,AU,treatment,0,0,,0
0bb34af2d2b5b7be42692c01de33ca7e,2023-06-04,US,treatment,0,0,,0
0bb52a0bb091ea46d7a76dbaa90ae0c6,2023-06-06,GB,treatment,0,0,,0
0bb5f61aa29f6ef091d7b4ddbb8a9699,2023-06-04,US,control,0,0,,0
0bb5fea9c6d968e4b7dd126f0a69cdab,2023-06-03,CA,control,0,0,,0
0bba295270a0f61fef9441d0f2429432,2023-06-06,CA,control,0,0,,0
0bbfad8833a8795f1f8a44346720da24,2023-06-01,GB,control,0,0,,0
0bc37372b9f88d431ea8d179f6aead47,2023-06-05,AU,treatment,0,0,,0
0bc4e435f0d480e4c23c38c22d99e621,2023-06-02,US,treatment,0,0,,0
0bcb7d15e3ea31003fd3d94245199b47,2023-06-03,GB,treatment,0,0,,0
0bcd326fbe10b200be416b8df6aec413,2023-06-03,CA,treatment,0,0,,0
0bd1257358e6995a790ca67060f98aaf,2023-06-01,GB,control,0,0,,0
0bd2a627352aac598b60a8752af2bacf,2023-06-07,CA,control,0,0,,0
0bd2ea87c4946d3a63c6fa0f86970d3f,2023-06-05,US,control,0,0,,0
0bd461c041923f04ea7cef2a1f432cbb,2023-06-07,AU,control,0,0,,0
0bd6c9ae6afda0602c61cb10a52f76ac,2023-06-07,AU,treatment,0,0,,0
0bf0abc694e440dda51c9116fedb2fb4,2023-06-01,US,treatment,0,0,,0
0bf0d6cc575e394bd5a625cc65566349,2023-06-04,US,control,0,0,,0
0bf1ce338ad60d86f6190a197fc2a8fe,2023-06-04,GB,control,0,0,,0
0bf9122a1565e83387d29c52168c8565,2023-06-02,US,control,0,0,,0
0bfaded174182b36864f9145989d4d81,2023-06-06,AU,control,0,0,,0
0bfadfdaf79f1fbefefc3341dd1298ea,2023-06-04,AU,treatment,0,0,,0
0bfd7407eb1a1a8d72ce8886b78c875f,2023-06-06,US,treatment,0,0,,0
0bfdd320016fe693e944b4708b7e471b,2023-06-02,CA,control,0,0,,0
0c06e41fb6b1688925ea1a01fd9597b8,2023-06-01,GB,control,0,0,,0
0c1180db6980cf2e412b51cb68a0fb42,2023-06-06,GB,control,0,0,,0
0c184c91344b776597b2a2ca74a853e0,2023-06-03,AU,control,0,0,,0
0c197e59360134fc3017e9058d394838,2023-06-03,US,treatment,0,0,,0
0c1b5a515d7170b6fe2f453c344e0045,2023-06-04,CA,treatment,0,0,,0
0c24bee75a1bca70fa41128e39a7ff29,2023-06-04,AU,treatment,0,0,,0
0c29266b819dd133f006f42dadbda21a,2023-06-02,GB,treatment,0,0,,0
0c316f6b762d733f24407a16b385e2a8,2023-06-04,AU,treatment,0,0,,0
0c3234105bfc195e9680acc285f2a53f,2023-06-02,AU,control,0,0,,0
0c3990be2bb33010920e99a974d8cc17,2023-06-06,GB,treatment,0,0,,0
0c3ad130f089a225c973c8530c4b12c7,2023-06-02,AU,treatment,0,0,,0
0c3c9b8f1617a6c581708571a57b1191,2023-06-07,US,treatment,0,0,,0
0c3ca9806c69693b3554319616477780,2023-06-03,CA,control,0,0,,0
0c4054e42fb560749e3be0c0d009bf50,2023-06-04,CA,treatment,0,0,,0
0c414dbae99e994c59de81a7c83b0e12,2023-06-01,US,treatment,0,0,,0
0c423bb40b22a9ac466df7efa2066595,2023-06-03,US,control,0,0,,0
0c44b586bff6feda901c27d5f545fcc5,2023-06-04,GB,control,0,0,,0
0c4ca35b7cf12d1be4c7e3e7a866653e,2023-06-04,US,treatment,0,0,,0
0c61b30c330f41613af5a64a1985ee8b,2023-06-01,GB,control,0,0,,0
0c689f03de5f1be4ab8a983335a7731f,2023-06-02,AU,treatment,0,0,,0
0c6d01615c42c2a53415066c07fb6e63,2023-06-04,GB,treatment,0,0,,0
0c728976383988a88dc52c897617f1a3,2023-06-01,GB,treatment,0,0,,0
0c74b7385cf8bae7fbe677d289b71836,2023-06-04,CA,treatment,0,0,,0
0c754028b7aa96371baecbe72d2ef34d,2023-06-01,AU,treatment,0,0,,0
0c79ed994744fcbecbc42133fc71c03f,2023-06-01,GB,treatment,0,0,,0
0c7c583d3634bceb216aab48d2ce8d07,2023-06-02,US,treatment,0,0,,0
0c7ffbb2284d61ea580b853a361614f7,2023-06-04,CA,treatment,0,0,,0
0c81edaee021dc5310bbc282c0ff7951,2023-06-07,CA,control,0,0,,0
0c843796a9a44bfa16dea3168fb21958,2023-06-04,GB,treatment,0,0,,0
0c8fc6b747c3eea1a2f99cefd969e2c4,2023-06-04,AU,control,0,0,,0
0c912b5b1892878bf56867a003e72822,2023-06-01,CA,control,0,0,,0
0c962272222b80fcc09feb3db03adda1,2023-06-06,AU,treatment,0,0,,0
0c9c6b61e9388e634cc880d0b4725b75,2023-06-03,US,control,0,0,,0
0cb19f8054bdb290148dde25eb802142,2023-06-03,US,control,0,0,,0
0cb3ae5048f226a5df0cd336bad41e25,2023-06-01,AU,treatment,0,0,,0
0cb43ddf11117fbe926ee7579088e674,2023-06-03,GB,treatment,0,0,,0
0cb464545076f393248eb10b4f15770d,2023-06-05,GB,control,0,0,,0
0cb55b427b242a5696958930a3b2d180,2023-06-01,AU,treatment,0,0,,0
0cb5d7759e4a9883ae75c785df6dce13,2023-06-07,CA,control,0,0,,0
0cb803c98fc23f53ae3f61e8cc2f48b5,2023-06-04,CA,treatment,0,0,,0
0cbb5bc680ac07e5b0f5b31563df36d0,2023-06-06,AU,treatment,0,0,,0
0cbf306e6d83a1f67c95d9c9da9db8d5,2023-06-03,GB,control,0,0,,0
0ccd11fbf1d1bafd384286e400d95811,2023-06-01,US,treatment,0,0,,0
0ccd4a3554147a564e87854a1d4c5e58,2023-06-03,US,treatment,0,0,,0
0cd28c51e3beaf964a5b1a2248b05cd7,2023-06-02,GB,control,0,0,,0
0ce201f26b09309a6ec14ecf6e7a834d,2023-06-04,CA,control,0,0,,0
0ce3bb82d75d01322b1144e3ff45e89f,2023-06-07,AU,treatment,0,0,,0
0ceade61c9c83e4fc410a06b898c8207,2023-06-04,CA,control,0,0,,0
0ceef18c46684915a2780f7abb5d2d00,2023-06-07,US,treatment,0,0,,0
0cefdf14dbb8337d69be44028662e355,2023-06-05,CA,control,0,0,,0
0cf58c9fd0dce708a780de084b32a376,2023-06-07,US,control,0,0,,0
0cf69974aa6f1cf0889826239b72a562,2023-06-07,US,treatment,0,0,,0
0cf9799295925fa3d560a0aa5c7702e1,2023-06-05,GB,treatment,0,0,,0
0d01187b5dc43aad3d350ccfc4e7bc30,2023-06-01,GB,treatment,0,0,,0
0d029549e26de0cfd4fa37878c131fdc,2023-06-06,GB,treatment,0,0,,0
0d04ade58cc90783b14857fb93d77c06,2023-06-03,US,control,0,0,,0
0d08535158b7e9c63e5ec9016addbb83,2023-06-02,GB,treatment,0,0,,0
0d130cc057e6d7e1f08d8e3a747c4dab,2023-06-03,GB,control,1,0,monthly.5.99.3d.trial,0
0d16bb373608ed012bf0dd24d430fd22,2023-06-01,CA,treatment,1,0,weekly.2.99.3d.trial,0
0d1bb92ab81cdc9778fa3339b7e5ec7e,2023-06-06,GB,treatment,0,0,,0
0d229ce928bdec4ae5cc4f7d0e5210a7,2023-06-06,CA,control,0,0,,0
0d26aa2d0161870fe2cd7284fc0f91e6,2023-06-07,CA,treatment,0,0,,0
0d2f8f1632390948203e176055c40ada,2023-06-01,AU,control,0,0,,0
0d321065693e4ac67a064e32361dec28,2023-06-04,US,control,0,0,,0
0d361b1b6ed7af375f0c8df0b39a628b,2023-06-02,AU,control,0,0,,0
0d39c7d7242292b3b3e72f687a1bf88b,2023-06-05,US,control,0,0,,0
0d3bb7b74ebfd0496a1822a255674ba2,2023-06-02,CA,control,1,0,monthly.5.99.3d.trial,0
0d3cd55229733e1e342e3b66f505e507,2023-06-04,US,treatment,0,0,,0
0d445591a85026f393640697922b9a43,2023-06-06,US,control,0,0,,0
0d45fc72b287de6cd3349385da80d724,2023-06-04,US,treatment,0,0,,0
0d4a00fec2434a453b39d62a2f22342c,2023-06-06,AU,treatment,1,0,weekly.2.99.3d.trial,0
0d4e333bd5fe660ee3aa5890d3db78c6,2023-06-06,US,control,0,0,,0
0d5386c4462411f503e2b6485dd567ea,2023-06-01,GB,control,0,0,,0
0d5c3c8e1b9b191d6008862f1a64687a,2023-06-02,CA,control,0,0,,0
0d6d29711581b73a104985c31966dfee,2023-06-02,CA,treatment,1,0,weekly.2.99.3d.trial,0
0d715ef4ad1d1b56014cc266af933b40,2023-06-05,CA,treatment,0,0,,0
0d73014dab1ea067f5fb9c5b5fff0ac6,2023-06-05,GB,treatment,1,0,weekly.2.99.3d.trial,0
0d7418093aa5ec808dca92cbb7080f24,2023-06-01,GB,control,1,0,monthly.5.99.3d.trial,0
0d7f2287f87595f7322092e815247b71,2023-06-06,AU,treatment,0,0,,0
0d8b6cd60510888811318ff175824261,2023-06-03,AU,treatment,0,0,,0
0d8b9362dc200da58a92f4acb8d72eb5,2023-06-01,GB,treatment,0,0,,0
0d8ee97100e34dfcef8f49cc3511bfea,2023-06-01,AU,control,0,0,,0
0d8fd696ab79cf9e328072698e6f1e18,2023-06-06,AU,treatment,0,0,,0
0d933e7c72726b8753f6f8985d3ebbe4,2023-06-05,US,control,0,0,,0
0d95975d66cb2c16b60c42db11718213,2023-06-06,AU,treatment,0,0,,0
0d96bb0d0df4027bbd2bedd93d25aa40,2023-06-06,US,control,0,0,,0
0d98481017e467dd8f4d7fd41223ac2a,2023-06-02,GB,treatment,0,0,,0
0d9d93ad97c89004cf91cb57ba5b9296,2023-06-03,US,treatment,0,0,,0
0da36cfacc5128c23864920b3c4fb621,2023-06-05,US,treatment,0,0,,0
0da8beb9b3ba1f4411f4715e8a495648,2023-06-06,US,control,0,0,,0
0da8da672f50ce194cad5fea8e41e536,2023-06-03,US,treatment,0,0,,0
0dafcd85039508547508349a759773d9,2023-06-02,AU,control,0,0,,0
0db4f272600fe974a41440fccb6539a6,2023-06-02,AU,control,0,0,,0
0db7d5f6ad656675f494e2d7f9876701,2023-06-01,US,control,0,0,,0
0db7d73796d61944bc52082053fe652b,2023-06-04,CA,treatment,0,0,,0
0db90c1ef349fb97bf11eb01fe17b92b,2023-06-01,AU,treatment,0,0,,0
0dba6e4d76bf239b5b52de81b3914b8a,2023-06-01,GB,control,0,0,,0
0dbb026a90f3091e972a17924b7713e1,2023-06-05,CA,treatment,1,0,weekly.2.99.3d.trial,0
0dbb1e889be8c64b440afc1f9b615ce1,2023-06-04,US,treatment,0,0,,0
0dbb8ddffb57f4c83ec412aeb8fae3ee,2023-06-04,GB,treatment,0,0,,0
0dc0699488da204dcd0047c46d08d981,2023-06-03,CA,control,0,0,,0
0dc0d6ddf38649d47d78068ea307357d,2023-06-03,US,control,0,0,,0
0dc0ff72e0a2f36d731ca55a75cff6cb,2023-06-07,US,treatment,0,0,,0
0dc20f6072b5861cae8d52470ee1e738,2023-06-05,US,control,0,0,,0
0dc2d4000f9475d78dcc470c9b9958c4,2023-06-06,AU,control,1,0,monthly.5.99.3d.trial,0
0dc55ecd05900708b5defc8372004246,2023-06-04,AU,control,0,0,,0
0dc761ac8dd27335d55e1d7c7b487a44,2023-06-02,GB,treatment,0,0,,0
0dcdc7e696cf54a835b65cf37eebf226,2023-06-06,AU,control,0,0,,0
0dd3a833df115d83454ff0d70f22750e,2023-06-01,AU,control,0,0,,0
0dd55c26c0f3800331190fbd72dfaf4e,2023-06-01,AU,treatment,0,0,,0
0dd6d23f912cb5bf0c07c60d2b5bb700,2023-06-05,GB,treatment,1,0,weekly.2.99.3d.trial,0
0dd9c8491557f662a4230fb2c772395e,2023-06-01,US,treatment,0,0,,0
0dde150bdda1bac812bbafef294ed242,2023-06-06,GB,treatment,0,0,,0
0de50150f4610adc529a83f2a4b0ca2d,2023-06-06,CA,control,0,0,,0
0df09daa4b78f8e036dacd9c486ad72c,2023-06-06,AU,treatment,0,0,,0
0df2057feeef3a39f4f3670526968a6d,2023-06-03,AU,treatment,0,0,,0
0e05126323586b692ceae5c7cf8963c1,2023-06-07,AU,control,0,0,,0
0e0539510e73a67e01b30705f1fa50a9,2023-06-05,CA,treatment,0,0,,0
0e0800e6c9f79e2d711b660570952b32,2023-06-07,AU,treatment,0,0,,0
0e1410442eea136ef71d08ceac42e535,2023-06-01,GB,treatment,0,0,,0
0e1b5588d4adfa267000a1ad76bbca3e,2023-06-07,US,treatment,0,0,,0
0e24bead1dd95dc702f58394bfef5302,2023-06-05,CA,treatment,0,0,,0
0e25b58597ecc8e067a79ae7dc162bee,2023-06-02,GB,treatment,0,0,,0
0e2704e15aed059e9ac9ac336645786c,2023-06-04,AU,treatment,0,0,,0
0e287f5ea65df9c3edb2beede1a1af83,2023-06-06,GB,treatment,0,0,,0
0e2dc01d4dc07a202fcfee7e0bf7cb02,2023-06-06,AU,control,0,0,,0
0e30f86a183f20e3be75a706a8815521,2023-06-03,GB,treatment,0,0,,0
0e322864d4b8385b7cbe12a6ec879fed,2023-06-02,US,treatment,0,0,,0
0e36c6e8ac2303e63d931dc65a4d651e,2023-06-03,CA,treatment,0,0,,0
0e37a8cd98f01e534690d852de304bba,2023-06-04,US,control,0,0,,0
0e37d5dcde26455a036b5901d97f38eb,2023-06-02,CA,treatment,0,0,,0
0e398d973ec372f2d70b2a3c914869ab,2023-06-01,CA,treatment,0,0,,0
0e3f6f206fbe07a383ae12831f232511,2023-06-04,US,treatment,0,0,,0
0e4744a193886bb3506caa58556b8e8c,2023-06-05,AU,control,0,0,,0
0e4995ff4ee9d90def5ba878b38f6d8b,2023-06-02,CA,treatment,0,0,,0
0e50c2b327fd021ca0b797698084dda6,2023-06-06,AU,control,0,0,,0
0e51980663d9a74b868e348ab4c67b6c,2023-06-05,AU,control,0,0,,0
0e543e988c7708e5fa2f49d9927f3915,2023-06-05,US,treatment,0,0,,0
0e6275152098e14fcd3eee0551f5ac12,2023-06-04,AU,control,0,0,,0
0e6982841fb61b146e65d00b4783108f,2023-06-05,US,control,0,0,,0
0e6fd839b24f14a4ef5cf8a0bc65ecfe,2023-06-05,US,treatment,0,0,,0
0e723bb40d415b485266bb09e4b99e92,2023-06-02,US,treatment,0,0,,0
0e76bd0475d135623f9e59c7e6bb2dce,2023-06-06,AU,control,0,0,,0
0e7ad2c13e783e99cb6ce80576af6a2d,2023-06-03,GB,control,0,0,,0
0e809fab0870750124afa04eb227b4a6,2023-06-06,US,control,1,0,monthly.5.99.3d.trial,0
0e8216c7c2f90445fd371be6e191331c,2023-06-05,US,control,0,0,,0
0e84eb16bb3e4c55a3aec269fac3b442,2023-06-07,AU,treatment,0,0,,0
0e8b0c20c5a931b64d29e45e284e8d20,2023-06-07,GB,treatment,0,0,,0
0e8bf0c7b3a9d9c2f7a7611d959835d9,2023-06-06,CA,control,0,0,,0
0e8c96f489a2067cb08c5b76f2a5b368,2023-06-06,GB,control,0,0,,0
0e8ce2eb52eb3450ce5a1e114e6d5bdd,2023-06-03,US,control,0,0,,0
0e8d460c5ce35b2c5cd01ae4761728dd,2023-06-06,AU,control,0,0,,0
0e96d253d291a8fcdf9afdfa7adbac2b,2023-06-07,US,control,0,0,,0
0e98bde6fb34c3751ddb77b84598bdcb,2023-06-07,CA,treatment,0,0,,0
0e9978e988bb2dcbb06a79fc2adcf881,2023-06-06,GB,control,0,0,,0
0e9a1ef034d05d2ed74e64b1a18801a2,2023-06-05,AU,control,0,0,,0
0e9c03f5c42fc8ce5741338e27836d76,2023-06-02,US,control,0,0,,0
0e9e58304d11fe1de6fb13e1875161fb,2023-06-06,US,treatment,0,0,,0
0ea2f4b57d9fa615acbffda1f9ea66cd,2023-06-01,GB,treatment,0,0,,0
0ea42d92d3f894a33a8fb9f7be5c9766,2023-06-07,US,control,0,0,,0
0ea4794346e3c1d171b966eced435e19,2023-06-04,GB,control,0,0,,0
0ea7cf5b49885d08153c594014d0e398,2023-06-06,AU,treatment,0,0,,0
0eadf6f856a96b5fb0a9d350b80b9153,2023-06-03,US,treatment,0,0,,0
0eca643d8abcf38fe50f930a6a606216,2023-06-01,AU,treatment,0,0,,0
0ecddba381aeb374040504f344b5a9dc,2023-06-03,AU,treatment,0,0,,0
0ed53f9da206b00bcdb6108e507ccc86,2023-06-06,GB,treatment,0,0,,0
0ed6d99e971a6398514aceee251b36cc,2023-06-07,GB,control,0,0,,0
0ed989bcddeddf19d8329cf5b4af1bfa,2023-06-06,GB,control,0,0,,0
0ed9909b693e55470608f52ce33163c8,2023-06-02,CA,control,0,0,,0
0eda72ea511d50b162b707b5aa67bf77,2023-06-03,CA,treatment,0,0,,0
0edd891f9c0114aa3118ccd8b517c428,2023-06-02,CA,control,0,0,,0
0eddd1f0c7451d8af8e20a2955bebbfb,2023-06-07,AU,treatment,0,0,,0
0ee1b3d739c5add100c6a012f60e9305,2023-06-01,CA,control,0,0,,0
0eea72d19de4feb25041480709b82462,2023-06-05,CA,treatment,0,0,,0
0eec43c6ec5454559106a1183b398a3c,2023-06-03,GB,treatment,0,0,,0
0ef0f4f3c80ffede230fdbcf6551e099,2023-06-05,CA,control,0,0,,0
0ef28797606420ac8db28c285fb084d9,2023-06-04,CA,control,0,0,,0
0ef2b375b556776f7bd19f259faeee81,2023-06-01,AU,control,0,0,,0
0ef31bb02af8574d8cefc9390770cc98,2023-06-05,CA,control,0,0,,0
0ef46e0ac43cebf5f08fa40cbe4ff299,2023-06-05,AU,treatment,0,0,,0
0ef8b07c7b4100c2b2e952b858424a53,2023-06-01,AU,treatment,0,0,,0
0efb66bab152bb0c1e80bb50884b1cd6,2023-06-03,GB,control,0,0,,0
0eff373a090bfb15d637bcc7a1f1c27b,2023-06-07,AU,treatment,0,0,,0
0f03cb22c5ffc1f4c013ea6d620195ff,2023-06-07,CA,treatment,1,0,weekly.2.99.3d.trial,0
0f053c1641017a1b2078c9deed58ec7f,2023-06-04,CA,control,0,0,,0
0f11c835018184005d0d6fd60127c048,2023-06-01,CA,treatment,1,0,weekly.2.99.3d.trial,0
0f167940213e4580e06b061cff212389,2023-06-02,GB,treatment,0,0,,0
0f174ef55abcc63048decd3cdebb3b41,2023-06-07,CA,control,0,0,,0
0f33d9dd1f7074352a780da9f4e214d5,2023-06-06,CA,treatment,0,0,,0
0f35f608cc6610505532d95db688600d,2023-06-05,CA,treatment,0,0,,0
0f3ab567d5a72f1b5b303295d42b1d85,2023-06-02,US,control,0,0,,0
0f3b3f51f78c91e71ba6d0ea66fb1581,2023-06-01,GB,control,0,0,,0
0f3cb7e766809618ffb96b3ffe5c876c,2023-06-04,CA,control,1,0,monthly.5.99.3d.trial,0
0f3f4fe259f7cbcd3223139461a9e74c,2023-06-02,CA,treatment,0,0,,0
0f42315ccf6d3834dc1004bb6f186a5e,2023-06-01,US,control,1,0,monthly.5.99.3d.trial,0
0f48806e921d172a38496ca7f16a5ae8,2023-06-06,CA,control,1,0,monthly.5.99.3d.trial,0
0f4e1d95754fd40d4982c9174bc2f943,2023-06-04,GB,treatment,0,0,,0
0f4e521480b2b6a0e138732c76bc14c0,2023-06-04,US,treatment,0,0,,0
0f51c4af77365ab2f2328fdba892a33c,2023-06-07,CA,control,0,0,,0
0f54514aaa209d5a30795ab068caab20,2023-06-07,CA,treatment,0,0,,0
0f571b248235d463839f9832e3b8f2e5,2023-06-01,AU,treatment,0,0,,0
0f5c89befcbf395fab0215ff61255557,2023-06-03,US,treatment,1,1,weekly.2.99.3d.trial,2.99
0f628abca8a660f729a22b9d9af0023d,2023-06-02,GB,treatment,1,0,weekly.2.99.3d.trial,0
0f66040ee50e7e31d5dd1f449cf3352a,2023-06-04,GB,control,0,0,,0
0f6adf88c82dd2154aad35e25c3dc0ca,2023-06-07,US,control,0,0,,0
0f6debbf8ebbe377b9e434f4d0485ea8,2023-06-03,GB,treatment,0,0,,0
0f72ba9623d8e8a23df4503bf66fe2de,2023-06-06,CA,control,0,0,,0
0f760b197c7e809ac7fe1e92fa97dbf2,2023-06-01,AU,treatment,0,0,,0
0f7666f22aa7cd263be51be539d35c36,2023-06-03,US,treatment,0,0,,0
0f7d8dcec3c6ef50364e1bf4d9dd6a82,2023-06-04,AU,control,0,0,,0
0f80f864faa3064537a8f9f9811e93c0,2023-06-07,US,control,0,0,,0
0f81a33e6532a7d7aff43f03851f4be1,2023-06-07,GB,control,0,0,,0
0f82668545538e9ca6ce295873bc887b,2023-06-02,CA,treatment,0,0,,0
0f85a811b64d3fdc20aa0d1a895c871b,2023-06-03,CA,treatment,0,0,,0
0f87ecf2d13508fe11d0cf09af69793a,2023-06-01,US,treatment,0,0,,0
0f90c697015b878b18ecfb9684cb27c1,2023-06-04,CA,control,0,0,,0
0f9164639e9b41eca233e3fcd383a96c,2023-06-03,CA,control,0,0,,0
0f93197465d16f0dedda1356fb2def38,2023-06-05,CA,treatment,0,0,,0
0f957dfed62f6a5c01536b31c548ba3f,2023-06-03,US,control,0,0,,0
0fa331ddce339fcecfa7d2700a94958d,2023-06-02,GB,control,0,0,,0
0faae62ba7fb08acbdf01fbe8a0e1fb5,2023-06-06,AU,control,0,0,,0
0fad91efc29426753b64adbc20e7d2ef,2023-06-03,AU,control,1,0,monthly.5.99.3d.trial,0
0fb7a2beb2ffdedd157066ed12117f2a,2023-06-02,GB,control,0,0,,0
0fbdc12c3794bd5d97c5b2e8f445747e,2023-06-04,CA,treatment,0,0,,0
0fc45f1d0b7d0bb91db4dccd3cfc094d,2023-06-06,US,control,1,0,monthly.5.99.3d.trial,0
0fc50901233a5de32d7bd1e8655567e7,2023-06-05,US,treatment,0,0,,0
0fcab001a2eb4dc8b8b64fb11e429198,2023-06-07,US,control,0,0,,0
0fcb3e2fc0b7b36c6c52aa0b1118948c,2023-06-04,US,control,0,0,,0
0fd97cc257d6cae17bbb936fb6bb3199,2023-06-02,GB,treatment,0,0,,0
0fdf76d858d685ff6fd71be4abc6d0a3,2023-06-01,GB,control,0,0,,0
0fe296578e9f4f953fe9e441e4fd06c3,2023-06-07,US,treatment,0,0,,0
0fe6486f107064aed1d16c4d738ad79b,2023-06-03,AU,control,0,0,,0
0fe941238f7c279246386f3c0d740f4e,2023-06-01,US,treatment,0,0,,0
0feb05ca7725179f6ffde2a3e3180ac5,2023-06-03,AU,control,0,0,,0
0ff10b430bed5d8a93582986bac820ec,2023-06-06,GB,control,0,0,,0
0ff4989556ada4243d2be1fc4475f9b8,2023-06-06,AU,control,1,0,monthly.5.99.3d.trial,0
0ff868c962c005b7917ca599e84b6982,2023-06-05,US,treatment,0,0,,0
0ffcbe560ff9f7fe54e186ed1af960e3,2023-06-07,GB,treatment,0,0,,0
0fff9c094b6f079186d60774b5237087,2023-06-07,AU,treatment,0,0,,0
10010645c4a4e5a06742a122f7a143f9,2023-06-04,GB,treatment,0,0,,0
1005e1cb81fe013eb2df975a41efeecd,2023-06-05,GB,treatment,0,0,,0
1008ef89c18017974ffe44656b4a4147,2023-06-05,US,treatment,0,0,,0
100aa29684853c408d105270fd846d2a,2023-06-01,US,treatment,0,0,,0
100c749c9e19c99cb097ce0b4f935cb5,2023-06-07,GB,control,1,1,monthly.5.99.3d.trial,5.99
101354c6ce889834d02fe4c3d6ebbcd7,2023-06-01,US,treatment,0,0,,0
101bc263484e525851d2e9c4c2490d7b,2023-06-04,CA,control,0,0,,0
101dc17114d369e989d2e9f91cb0c3b3,2023-06-01,CA,treatment,0,0,,0
101f82c34863eac94316935ed386d149,2023-06-05,US,treatment,0,0,,0
102b23a7e23c1545ce370029b5ea8156,2023-06-03,US,treatment,0,0,,0
1036fc7d1795d4d35fff2ccf9aa08a3d,2023-06-01,CA,control,0,0,,0
1038a948ce9dea3d794882d7e91ddaa4,2023-06-07,AU,treatment,0,0,,0
1041aafba37b3b7afa9110600175baa7,2023-06-06,CA,treatment,0,0,,0
1046e58e7d9c9e8551b535c4687aa910,2023-06-07,CA,control,0,0,,0
104776201384ee4e35ff5d2be11242d5,2023-06-05,CA,control,0,0,,0
104b44b31be5a6c7dea5ef5527d9d27b,2023-06-02,GB,control,0,0,,0
104c8ba4c762b81cbd888f2098649402,2023-06-01,GB,treatment,0,0,,0
10508ddb7a7fcf8dd1945100951dce86,2023-06-06,AU,treatment,0,0,,0
10511261a0f9411e27da776e9dc7a1d9,2023-06-04,CA,control,0,0,,0
1054419466521e09003cb00adedd0dcd,2023-06-06,CA,control,0,0,,0
1055199c2fa9f2196f8041389df1ca72,2023-06-05,AU,control,1,0,monthly.5.99.3d.trial,0
105db2168d09d4cae27e5ff51093a836,2023-06-06,AU,treatment,1,0,weekly.2.99.3d.trial,0
105fd9057252843a042837b5a81bdda8,2023-06-01,GB,control,0,0,,0
106188d0ef48736caa73dcfd47d8dea3,2023-06-06,CA,treatment,0,0,,0
10654f714cdeabf92462bc8e00b4b96a,2023-06-05,GB,control,0,0,,0
106abdf3e2ee0a54ffbe3d3d3a5f23d0,2023-06-05,US,treatment,0,0,,0
106c1b83e8fa9371a153796e8f85e575,2023-06-02,GB,treatment,0,0,,0
106cf3acba2f9c9d53e5a78279156b9d,2023-06-02,CA,treatment,1,0,weekly.2.99.3d.trial,0
106d571fc492f451e277c673811c1b0a,2023-06-07,GB,treatment,0,0,,0
106ffc5dec3fb6cd61d19d325343e9b0,2023-06-03,GB,treatment,0,0,,0
10724e8641209e4d5075f47406f56d5c,2023-06-05,CA,treatment,0,0,,0
1072e852c98d7ed8ca4044a51a8d4468,2023-06-02,AU,control,0,0,,0
107721e5761db41203fb0de13f8e451b,2023-06-01,AU,treatment,0,0,,0
107cc60fd7dbc1c9942b1a3dc2f50872,2023-06-05,US,control,1,0,monthly.5.99.3d.trial,0
108147900e395ece348b73aa980981d2,2023-06-05,CA,control,0,0,,0
1084f6a4ab34ab778ce86191f542371b,2023-06-03,US,treatment,0,0,,0
108969a0201970491a7aa4eab317a243,2023-06-07,GB,treatment,0,0,,0
108ffccefcc78a68e4f2dbfb9496102c,2023-06-04,US,control,1,0,monthly.5.99.3d.trial,0
10929249b01d880d63a2f9d2a037b3e8,2023-06-05,US,control,1,0,monthly.5.99.3d.trial,0
1094b8830540d9b5c8d22eb82636a52b,2023-06-06,AU,treatment,0,0,,0
1099d034da949bec325e71d2baab70fa,2023-06-01,GB,control,0,0,,0
109abec43b301440aec0f49b231f2c5c,2023-06-05,CA,treatment,0,0,,0
10a332185a6552d62c687f49af4132c0,2023-06-06,CA,control,0,0,,0
10a3b734586c3397f639f7a7eeabccce,2023-06-06,CA,control,0,0,,0
10a5e53b7e5a5230edc589fd7a4cb102,2023-06-05,CA,treatment,0,0,,0
10a7839adfe1747d1df86e7225fd9aeb,2023-06-06,AU,control,0,0,,0
10abc89004cba1f623f23da14f4829dd,2023-06-02,CA,control,0,0,,0
10b93d4da8fb92288288c97d97df580e,2023-06-03,AU,treatment,0,0,,0
10b9ee961b0ba374fd8ecec207fd012a,2023-06-06,AU,treatment,1,0,weekly.2.99.3d.trial,0
10bc5d02b90947e160ae46781c8ef27f,2023-06-01,GB,control,0,0,,0
10c225367dd2adc223d006da7b3fee17,2023-06-06,GB,treatment,0,0,,0
10c6e426b177195e195676a136993176,2023-06-05,GB,control,1,0,monthly.5.99.3d.trial,0
10d049679c7dcfc3c0e3e0add1231494,2023-06-02,GB,control,0,0,,0
10d8830aca3731623bae07df56977e15,2023-06-01,CA,control,0,0,,0
10d8c8a0ffdf7aff276250dcfd306192,2023-06-06,AU,treatment,0,0,,0
10da88062e35d3737495798fe3fa922a,2023-06-06,AU,treatment,0,0,,0
10dbb0dc1cc43e3111edad6e331913b2,2023-06-03,AU,control,0,0,,0
10e51038a156678272954d3dbf88371a,2023-06-03,GB,control,0,0,,0
10e9bf6423e1a8bffe11c9f79f0be261,2023-06-03,US,control,0,0,,0
10edfed2b998f07a55263e887183d306,2023-06-03,GB,treatment,0,0,,0
10ef2ed7b098bce24c8ecd196901b2ee,2023-06-01,US,treatment,0,0,,0
10f96e45ba9fe8afd92c13b8424cb11b,2023-06-01,CA,treatment,0,0,,0
110013f6e851463885edd062a8badeb8,2023-06-07,US,control,0,0,,0
1106c5c24f4196961af386dcc8795ba4,2023-06-02,AU,treatment,0,0,,0
1109f3f613dde87f622384e63f4dbaa1,2023-06-01,CA,treatment,0,0,,0
110c55c4e1688647b44bb8a3cc354873,2023-06-01,CA,control,0,0,,0
110c87e2462a9b4bbf2ddd05d10ac214,2023-06-07,AU,treatment,0,0,,0
110c9fd41b40a070c7c2aa45f90a38b3,2023-06-02,AU,control,0,0,,0
1115760f44f1b8d7cbaf225959902f17,2023-06-02,AU,treatment,0,0,,0
1115aa44d355b27d0062b9bc7d1efab9,2023-06-05,AU,control,0,0,,0
1118e20dd129d37028604f8acb2fe347,2023-06-02,US,control,0,0,,0
1119f71b6a666b426fd0fda09bb0954a,2023-06-01,CA,treatment,0,0,,0
111c3fcc53b7cbff1e32ba8d394d2882,2023-06-02,CA,control,0,0,,0
111c49c3fc16c288197d60be1783c72e,2023-06-02,AU,treatment,0,0,,0
11266fd1d49d52d41cac5a5d3bd2752f,2023-06-05,GB,control,0,0,,0
1127bf01287c18fc623be53a7371a946,2023-06-06,AU,treatment,0,0,,0
112c8d739fe751370a8590efdc105230,2023-06-01,AU,control,0,0,,0
1133f38c157dc709766f265d5191930a,2023-06-07,GB,control,1,0,monthly.5.99.3d.trial,0
113a141b708cc5aed06c208efe90349a,2023-06-03,AU,treatment,0,0,,0
113cc5d06c0e3421587ece271b07bdc8,2023-06-05,US,treatment,0,0,,0
113d13af992e65c3a5affc05f9a819b3,2023-06-05,GB,treatment,0,0,,0
11463c3682bec70ea1db877362a2402a,2023-06-01,AU,control,0,0,,0
11482626f8d6cb176ab8cde79ddf9ac5,2023-06-05,AU,control,0,0,,0
114f3bd9d2dd7db5a68f90a9638be58a,2023-06-03,GB,treatment,0,0,,0
115673bbefa367136fee85373c77ed30,2023-06-06,AU,control,1,0,monthly.5.99.3d.trial,0
115d9b7a43b6f77a607c5267282607d3,2023-06-03,US,treatment,0,0,,0
116688b37dfd7ec74b2b54dd8b72c25d,2023-06-01,AU,control,0,0,,0
1166bed8572d4f4a17f8c7a3cbf7b4cd,2023-06-07,GB,treatment,0,0,,0
11723ce6d3b3f30f44623216590b3216,2023-06-05,AU,control,0,0,,0
117745d1cbc2c440c2953facfd2adaf9,2023-06-01,GB,control,0,0,,0
1181e6b7f9e3fef92689dbf455367ac5,2023-06-07,US,treatment,0,0,,0
1185cadd69631cfb2823eeebfcbec44f,2023-06-07,AU,control,0,0,,0
118708cc847d94e8201b31047ba7feea,2023-06-01,GB,control,0,0,,0